predictor,axis,contrast,metric,nA,nB,gap,lo,hi,p,mde,q_fdr,sig_fdr
uni2,sex,female - male,auroc,134,186,0.03774340777084606,-0.03310679243248726,0.10843470673755087,0.277,0.09971666562769159,0.6711538461538461,False
uni2,sex,female - male,auprc,134,186,-0.0024073651864000567,-0.10519270813846851,0.09557312697005955,0.946,0.14509331790464164,0.9854166666666666,False
uni2,sex,female - male,bss,134,186,0.20579427118664728,-0.027752995039768136,0.4344771416337836,0.084,0.3296189747686976,0.390625,False
uni2,sex,female - male,balanced_accuracy,134,186,0.0005193681636909142,-0.0829704931722308,0.084636425542343,0.963,0.11878973767055498,0.963,False
uni2,sex,female - male,sensitivity,134,186,0.021423969072164928,-0.13510819216990183,0.1744532069837378,0.767,0.225101976089522,0.8358695652173914,False
uni2,sex,female - male,specificity,134,186,-0.02038523274478321,-0.0771608503148806,0.032859890109890155,0.487,0.07968935778525574,0.6352173913043478,False
uni2,sex,female - male,brier,134,186,-0.051370408455315514,-0.10702572845732787,0.007072502740710962,0.085,0.08092866084308667,0.255,False
uni2,sex,female - male,ece,134,186,-0.03694544552434237,-0.09951401947610354,0.0355280715543609,0.292,0.09514108200722882,0.41714285714285715,False
uni2,sex,female - male,cal_gap,134,186,0.045879052305939916,-0.027314568729889972,0.12032415288339202,0.235,0.10885442856261784,0.37105263157894736,False
uni2,sex,female - male,accuracy,134,186,0.018054886856042396,-0.07599903707270093,0.10970951693147156,0.682,0.1328952134776081,0.8184,False
uni2,sex,female - male,ppv,134,186,-0.03928571428571426,-0.1342421413009648,0.051724137931034475,0.447,0.13617172022541368,0.745,False
uni2,sex,female - male,npv,134,186,0.0435351882160393,-0.08072502685284633,0.16310777537409885,0.472,0.1739297483144716,0.7374999999999999,False
uni2,sex,female - male,f1,134,186,0.005656108597285048,-0.12913162400222267,0.13070970302905927,0.904,0.18618632291823864,0.915,False
uni2,age,20-39 - rest,auroc,104,213,-0.01824888450904716,-0.15412111031719666,0.09718102891899068,0.785,0.1775690440198058,0.8854166666666666,False
uni2,age,20-39 - rest,auprc,104,213,0.09916213143751285,0.00965910484736166,0.1973405174798344,0.033,0.1342723663480845,0.14583333333333334,False
uni2,age,20-39 - rest,bss,104,213,-0.39668928539649617,-0.9561958186963896,-0.0353618393969191,0.033,0.6721150114655098,0.275,False
uni2,age,20-39 - rest,balanced_accuracy,104,213,0.0062987599572965625,-0.10094171054214277,0.1064781255725907,0.911,0.1477941364646496,0.9510416666666667,False
uni2,age,20-39 - rest,sensitivity,104,213,0.13414634146341464,-0.023395184186323432,0.2787513624586795,0.094,0.21602370868909077,0.3055555555555556,False
uni2,age,20-39 - rest,specificity,104,213,-0.12154882154882152,-0.2861957282913165,0.014598540145985384,0.105,0.21334167428682946,0.196875,False
uni2,age,20-39 - rest,brier,104,213,0.029372490866036133,-0.03040879646777681,0.09442517588305573,0.314,0.08829205981197037,0.483,False
uni2,age,20-39 - rest,ece,104,213,0.11605153757308265,0.03489015161657173,0.18825646020710554,0.005,0.10717524171868881,0.024999999999999998,True
uni2,age,20-39 - rest,cal_gap,104,213,-0.08797428962867404,-0.17394860313875923,-0.003275601185051757,0.045,0.12372179578313752,0.094,False
uni2,age,20-39 - rest,accuracy,104,213,-0.12481942939689417,-0.23013723365836047,-0.02509931383170827,0.016,0.14645356795112327,0.06857142857142857,False
uni2,age,20-39 - rest,ppv,104,213,-0.0057649667405764715,-0.09738426564278793,0.08145810955961326,0.92,0.1274773020024302,0.92,False
uni2,age,20-39 - rest,npv,104,213,-0.3855007119126721,-0.5397861669248002,-0.23308095952024024,0.0,0.2176881619712723,0.0,True
uni2,age,20-39 - rest,f1,104,213,0.10366190271729125,-0.02411754772831111,0.2301815219980091,0.112,0.17926748072780024,0.28,False
uni2,age,40-54 - rest,auroc,120,197,-0.03947506173009574,-0.11733653107842162,0.03258997982078108,0.32,0.10772508547214435,0.6711538461538461,False
uni2,age,40-54 - rest,auprc,120,197,-0.05159510412776536,-0.15919236312273222,0.04471875833160293,0.33,0.1448891427376183,0.64,False
uni2,age,40-54 - rest,bss,120,197,-0.14721643262739814,-0.40839009071446725,0.09940637505535835,0.245,0.360803132705726,0.6053571428571429,False
uni2,age,40-54 - rest,balanced_accuracy,120,197,-0.05426112720130494,-0.14345279162801486,0.03596028642717049,0.229,0.12415928016740133,0.7156250000000001,False
uni2,age,40-54 - rest,sensitivity,120,197,-0.10784313725490191,-0.27551151328241114,0.05518827349641662,0.209,0.23570155187095543,0.3762999452654625,False
uni2,age,40-54 - rest,specificity,120,197,-0.0006791171477079638,-0.05882529694570137,0.05714285714285716,0.969,0.0808855827100091,1.0,False
uni2,age,40-54 - rest,brier,120,197,0.03678239641033651,-0.025561499105689812,0.10006067202128695,0.251,0.08954765657658224,0.470625,False
uni2,age,40-54 - rest,ece,120,197,0.023075841671067035,-0.04371301796138581,0.10793707688980615,0.406,0.10831711205320371,0.4696153846153846,False
uni2,age,40-54 - rest,cal_gap,120,197,-0.02990489473878427,-0.11814806206656896,0.051461734234913896,0.463,0.1181865521410909,0.57875,False
uni2,age,40-54 - rest,accuracy,120,197,-0.04005922165820641,-0.1386209813874788,0.057445008460236924,0.419,0.14113841718692027,0.661578947368421,False
uni2,age,40-54 - rest,ppv,120,197,-0.018362282878412017,-0.1244199055090033,0.07693327441449394,0.793,0.14268232264684091,0.8858695652173914,False
uni2,age,40-54 - rest,npv,120,197,-0.02281239359891052,-0.15420330885605596,0.10119220653377627,0.737,0.17988920664106178,0.8956560680698612,False
uni2,age,40-54 - rest,f1,120,197,-0.0908295768014532,-0.2432611018014243,0.04781221845463312,0.2,0.20221357004579957,0.3383333333333333,False
uni2,age,55-69 - rest,auroc,82,235,-0.07892107892107891,-0.2362002198255993,0.05972285680600723,0.321,0.2172672502121566,0.6711538461538461,False
uni2,age,55-69 - rest,auprc,82,235,-0.16290193986304813,-0.3731295405615282,0.011853569337998702,0.072,0.27943251798252483,0.18,False
uni2,age,55-69 - rest,bss,82,235,0.16164417961700595,-0.15686842663091005,0.4764323399532034,0.339,0.45702742536947527,0.6053571428571429,False
uni2,age,55-69 - rest,balanced_accuracy,82,235,0.024000305250305276,-0.11165692233831334,0.16283484098343606,0.742,0.1955006255573026,0.9275,False
uni2,age,55-69 - rest,sensitivity,82,235,-0.00694444444444442,-0.2721380190007037,0.2631342469075915,0.993,0.38516908212815143,0.993,False
uni2,age,55-69 - rest,specificity,82,235,0.05494505494505497,0.011904761904761862,0.10526315789473684,0.009,0.0653894889145866,0.02454545454545454,True
uni2,age,55-69 - rest,brier,82,235,-0.07984084526815294,-0.13788280987829363,-0.017262736538410185,0.018,0.08727290531590286,0.08625,False
uni2,age,55-69 - rest,ece,82,235,-0.10169778943001903,-0.15793777713975604,-0.020754927651648408,0.012,0.09757898481206954,0.03272727272727272,True
uni2,age,55-69 - rest,cal_gap,82,235,0.14341853208613708,0.06581714788627102,0.22113395923816878,0.0,0.11421199757325726,0.0,True
uni2,age,55-69 - rest,accuracy,82,235,0.19974052932018682,0.1169032174364297,0.2879605604566683,0.0,0.12090341882841572,0.0,True
uni2,age,55-69 - rest,ppv,82,235,0.05747126436781613,0.012044606999426314,0.10989010989010994,0.01,0.09430929793995563,0.125,False
uni2,age,55-69 - rest,npv,82,235,0.3230285079600148,0.2199931910195069,0.4302204203002222,0.0,0.15109686498760347,0.0,True
uni2,age,55-69 - rest,f1,82,235,0.010043290043289965,-0.24662109820004557,0.20533426722946188,0.915,0.32800528629872666,0.915,False
uni2,age,70+ - rest,auroc,11,306,-0.08023809523809522,-0.4591357466248397,0.12459982808762772,0.7007389162561576,0.4554132881158228,0.8342129955430447,False
uni2,age,70+ - rest,auprc,11,306,-0.03859650984384699,-0.33979111905802395,0.13307368207232392,0.9236453201970444,0.34632032438620075,0.9854166666666666,False
uni2,age,70+ - rest,bss,11,306,-0.0683920153083194,-0.8583295379931929,0.41483403001595487,0.7056650246305419,0.9321260296368502,0.8556547619047619,False
uni2,age,70+ - rest,balanced_accuracy,11,306,-0.14679487179487172,-0.3005765826174321,0.08421747503969997,0.20935960591133004,0.3026956227833608,0.7156250000000001,False
uni2,age,70+ - rest,sensitivity,11,306,-0.32692307692307687,-0.6312056737588653,0.13489397044836485,0.17980295566502463,0.6043519805857169,0.3762999452654625,False
uni2,age,70+ - rest,specificity,11,306,0.033333333333333326,0.006802721088435382,0.06685682326621922,0.008620689655172414,0.04155327326544057,0.02454545454545454,True
uni2,age,70+ - rest,brier,11,306,0.005447955886072553,-0.109291463808757,0.1958604789940449,0.8571428571428571,0.22319333768306457,0.9396551724137931,False
uni2,age,70+ - rest,ece,11,306,0.046567213317059514,-0.056761381807007974,0.26778041441491574,0.31157635467980294,0.23358532837983573,0.4248768472906404,False
uni2,age,70+ - rest,cal_gap,11,306,-0.03206088467635579,-0.2640092746355539,0.11164194016349516,0.5886699507389163,0.2708976259552708,0.6792345585449033,False
uni2,age,70+ - rest,accuracy,11,306,-0.04070112893642308,-0.3363042186571598,0.14904188948306582,0.5517241379310345,0.34424949141841105,0.7523510971786834,False
uni2,age,70+ - rest,ppv,11,306,0.052631578947368474,-0.9776342072409487,0.0980392156862745,0.5689655172413793,1.2605352300274004,0.7828947368421053,False
uni2,age,70+ - rest,npv,11,306,0.012796208530805653,-0.3025735094850948,0.20953978714653984,0.9384236453201971,0.36580177645869455,0.9775246305418719,False
uni2,age,70+ - rest,f1,11,306,-0.31713147410358566,-0.7593154223714803,0.1179457799271938,0.19704433497536947,0.7493197788454002,0.3383333333333333,False
uni2,tier,a - c,specificity,312,8,0.4933774834437086,0.125,0.8680094043887148,0.007,0.5040196787677487,0.02333333333333333,True
uni2,tier,a - c,brier,312,8,-0.35877405366935355,-0.6374214081930629,-0.08812972567162057,0.002,0.39995255828848897,0.02,True
uni2,tier,a - c,ece,312,8,-0.45385460861218285,-0.7075006764000789,-0.1930711402048101,0.0,0.3750578545067145,0.0,True
uni2,tier,a - c,cal_gap,312,8,-0.731043100094375,-0.9834078690996064,-0.4671002430433874,0.0,0.3765103430419465,0.0,True
uni2,tier,a - c,accuracy,312,8,0.27243589743589747,-0.09294871794871795,0.6346955128205124,0.117,0.5086606295728117,0.3190909090909091,False
conch,sex,female - male,auroc,134,186,0.048140622155847135,-0.024076106349346236,0.12173893618035145,0.172,0.10222775023320294,0.6711538461538461,False
conch,sex,female - male,auprc,134,186,-0.004946461808742142,-0.11071075001797945,0.09274521403099248,0.997,0.14385468068131077,0.997,False
conch,sex,female - male,bss,134,186,0.11003523621336742,-0.1144351791763508,0.3293003563369336,0.326,0.31566164233706634,0.6053571428571429,False
conch,sex,female - male,balanced_accuracy,134,186,0.021738739223246206,-0.05643027572389987,0.09804569265967436,0.582,0.11229790364474222,0.8972222222222224,False
conch,sex,female - male,sensitivity,134,186,0.03930412371134018,-0.08918099154555444,0.16864667078952789,0.51,0.18063292015531468,0.6202380952380953,False
conch,sex,female - male,specificity,134,186,0.004173354735152457,-0.0913513321995465,0.09151940117563995,0.958,0.1285328348887836,1.0,False
conch,sex,female - male,brier,134,186,-0.02747530564489739,-0.08134679441359158,0.027779432991495306,0.322,0.07773276130964485,0.483,False
conch,sex,female - male,ece,134,186,-0.03606180953058598,-0.08254737769550856,0.036116623802044875,0.454,0.08681419176218126,0.5044444444444445,False
conch,sex,female - male,cal_gap,134,186,0.03842936640412814,-0.03328204330959697,0.11145356243190957,0.31,0.1063569444422035,0.465,False
conch,sex,female - male,accuracy,134,186,0.02696196437168985,-0.05040723800353067,0.10431712405713367,0.496,0.11296070805535896,0.7085714285714285,False
conch,sex,female - male,ppv,134,186,-0.007062733693394274,-0.11310095339700596,0.09529895021386545,0.89,0.1475475654137686,0.92,False
conch,sex,female - male,npv,134,186,0.055697496167603444,-0.060777777777777695,0.17047415906639185,0.315,0.1620943142375104,0.5625,False
conch,sex,female - male,f1,134,186,0.0191256830601092,-0.07174915245560341,0.10879761904761906,0.679,0.13094690894330543,0.7715909090909091,False
conch,age,20-39 - rest,auroc,104,213,0.03316677300417137,-0.09397886717518883,0.13470837218774842,0.577,0.16327896488672491,0.7758620689655172,False
conch,age,20-39 - rest,auprc,104,213,0.12918063567816385,0.03640039754423835,0.22712768850831067,0.007,0.13777790025120498,0.075,False
conch,age,20-39 - rest,bss,104,213,-0.25178652093001064,-0.7337722383774178,0.0638304433982904,0.125,0.5797603201840468,0.390625,False
conch,age,20-39 - rest,balanced_accuracy,104,213,-0.024955938370572417,-0.14027100852643545,0.08173110593370357,0.637,0.15907603394009712,0.8972222222222224,False
conch,age,20-39 - rest,sensitivity,104,213,0.11069418386491559,-0.01587762131879784,0.23218818796781818,0.089,0.18348171769315844,0.3055555555555556,False
conch,age,20-39 - rest,specificity,104,213,-0.16060606060606064,-0.36432753722367384,0.010146103896103716,0.067,0.26326596094982635,0.16071428571428573,False
conch,age,20-39 - rest,brier,104,213,0.006491519373981625,-0.044717091655656765,0.0642494584735298,0.813,0.07974246220448826,0.9396551724137931,False
conch,age,20-39 - rest,ece,104,213,0.07646770695580588,-3.062315025822516e-05,0.13941184350497252,0.051,0.100411466842773,0.10928571428571428,False
conch,age,20-39 - rest,cal_gap,104,213,-0.10142005361596762,-0.18029594875312185,-0.020430544638108405,0.012,0.11504595333912383,0.03272727272727272,True
conch,age,20-39 - rest,accuracy,104,213,-0.03223185265438788,-0.11884254243409166,0.04916598952690505,0.482,0.12317032859992816,0.7085714285714285,False
conch,age,20-39 - rest,ppv,104,213,0.06879606879606881,-0.02857719422386457,0.175359146062271,0.179,0.14360516473675639,0.4068181818181818,False
conch,age,20-39 - rest,npv,104,213,-0.29047619047619044,-0.4898872369999637,-0.10276603394981206,0.0,0.27414492647757,0.0,True
conch,age,20-39 - rest,f1,104,213,0.09294871794871795,0.004074506166499759,0.18824870007605954,0.039,0.1306442135545414,0.195,False
conch,age,40-54 - rest,auroc,120,197,-0.04107505070993911,-0.12581046818536049,0.039201267323922026,0.349,0.11807333066248527,0.6711538461538461,False
conch,age,40-54 - rest,auprc,120,197,-0.053436374010348175,-0.16629027234800015,0.04742599315746443,0.375,0.14994967125193967,0.64,False
conch,age,40-54 - rest,bss,120,197,-0.10362578575955228,-0.35560403775344196,0.12833977982432473,0.416,0.3433082233163363,0.6583333333333333,False
conch,age,40-54 - rest,balanced_accuracy,120,197,-0.015409622662951983,-0.0965669033718378,0.06412687859240003,0.742,0.11640713536914832,0.9275,False
conch,age,40-54 - rest,sensitivity,120,197,-0.018255578093306246,-0.157590744785978,0.11023730493094032,0.769,0.19181100831560507,0.8358695652173914,False
conch,age,40-54 - rest,specificity,120,197,-0.012563667232597608,-0.10627783469107328,0.07880539297658859,0.831,0.13014768486571485,0.9588461538461538,False
conch,age,40-54 - rest,brier,120,197,0.025895635775130404,-0.03127785750356169,0.08734105916877946,0.416,0.08505372921631045,0.5672727272727273,False
conch,age,40-54 - rest,ece,120,197,0.04007584870792534,-0.01671225080032583,0.12351035044677365,0.131,0.09930635410021581,0.262,False
conch,age,40-54 - rest,cal_gap,120,197,-0.021712982117504886,-0.10865309548391361,0.057646363627683335,0.566,0.11483381785825683,0.6791999999999999,False
conch,age,40-54 - rest,accuracy,120,197,-0.011125211505922161,-0.09810596446700501,0.07076988155668362,0.824,0.11775331697774143,0.9155555555555556,False
conch,age,40-54 - rest,ppv,120,197,-0.027759418374091238,-0.13713494805114687,0.0763809908691991,0.665,0.1510122385275137,0.8309523809523809,False
conch,age,40-54 - rest,npv,120,197,0.006038647342995196,-0.12459240333428662,0.12226744445342043,0.924,0.1723293105473585,0.9775246305418719,False
conch,age,40-54 - rest,f1,120,197,-0.022479465872520255,-0.12208089370857313,0.0694724202146104,0.643,0.13656191194147116,0.7654761904761904,False
conch,age,55-69 - rest,auroc,82,235,-0.08634074259074265,-0.26795784657046845,0.060524176498918635,0.302,0.237458844744583,0.6711538461538461,False
conch,age,55-69 - rest,auprc,82,235,-0.1780091855052276,-0.39275891604925334,-0.011706200514443682,0.035,0.27815697739017337,0.14583333333333334,False
conch,age,55-69 - rest,bss,82,235,-0.059843320812546175,-0.44318271335696147,0.24541181641249454,0.723,0.489789010348455,0.8556547619047619,False
conch,age,55-69 - rest,balanced_accuracy,82,235,-0.08728771228771226,-0.22573341944485328,0.05219860098863098,0.203,0.19804686093838375,0.7156250000000001,False
conch,age,55-69 - rest,sensitivity,82,235,-0.25,-0.5158548880545125,0.011410687239681935,0.067,0.38003244568037037,0.3055555555555556,False
conch,age,55-69 - rest,specificity,82,235,0.07542457542457548,-0.0036240315679926137,0.15791057912339374,0.073,0.11794984896022317,0.16071428571428573,False
conch,age,55-69 - rest,brier,82,235,-0.03724531477239361,-0.09374881521142706,0.026544058030090863,0.232,0.08589611420446537,0.464,False
conch,age,55-69 - rest,ece,82,235,-0.045218018015081046,-0.10309649232193561,0.03025401868051899,0.211,0.09318302478729616,0.3847058823529412,False
conch,age,55-69 - rest,cal_gap,82,235,0.1444458115298096,0.05788655960538723,0.22758295810425824,0.002,0.12000436205638991,0.006,True
conch,age,55-69 - rest,accuracy,82,235,0.03975090814737936,-0.049870264660093366,0.11774779449922157,0.349,0.11998785667160031,0.5816666666666666,False
conch,age,55-69 - rest,ppv,82,235,-0.1640625,-0.43485520209483813,0.07876440716649533,0.173,0.37081784139928886,0.4068181818181818,False
conch,age,55-69 - rest,npv,82,235,0.1523364485981309,0.04270926818104013,0.25962542625745944,0.009,0.15684516789617228,0.027777777777777776,True
conch,age,55-69 - rest,f1,82,235,-0.21743697478991597,-0.4780598551869746,-0.024388769452880075,0.028,0.32375343665179274,0.195,False
conch,age,70+ - rest,auroc,11,306,-0.14692307692307693,-0.5853191645445498,0.1296462416213006,0.5972906403940886,0.5947710121336922,0.7758620689655172,False
conch,age,70+ - rest,auprc,11,306,-0.058367308953090835,-0.3982028795945275,0.13240768950425236,0.8029556650246306,0.3891512509962661,0.9704545454545453,False
conch,age,70+ - rest,bss,11,306,0.007943700202274417,-0.8480614109323414,0.5060847166840791,0.9519704433497537,1.0118025348768949,0.9519704433497538,False
conch,age,70+ - rest,balanced_accuracy,11,306,0.02743589743589747,-0.19740748737905622,0.18174327806961993,0.791871921182266,0.3013515961130199,0.9427046680741262,False
conch,age,70+ - rest,sensitivity,11,306,-0.038461538461538436,-0.4878909439817083,0.2570997807017544,0.8768472906403941,0.5998914379768367,0.9133825944170773,False
conch,age,70+ - rest,specificity,11,306,0.09333333333333338,0.0482758620689655,0.14108974358974363,0.0,0.06672638860915985,0.0,True
conch,age,70+ - rest,brier,11,306,-0.011365344988858828,-0.1277874219293103,0.18382940267846387,0.9014778325123153,0.2373330818023676,0.9396551724137931,False
conch,age,70+ - rest,ece,11,306,0.0746166830718079,-0.04466273483323749,0.2771477116477014,0.24876847290640394,0.22762952343851212,0.40650000000000003,False
conch,age,70+ - rest,cal_gap,11,306,-0.006987184557545878,-0.24263281070311707,0.13201941300819703,0.8399014778325123,0.2651596386668586,0.8399014778325123,False
conch,age,70+ - rest,accuracy,11,306,0.06268568033273914,-0.14012923351158646,0.18300653594771243,0.5899014778325123,0.2521658836164823,0.7694367102163204,False
conch,age,70+ - rest,ppv,11,306,0.1021897810218978,0.0519071669071669,0.15602836879432624,0.009852216748768473,0.20992404092712758,0.125,False
conch,age,70+ - rest,npv,11,306,0.07026627218934911,-0.21223566508078107,0.23848440803382662,0.6330049261083743,0.344208642209113,0.8329012185636504,False
conch,age,70+ - rest,f1,11,306,0.017552413456850324,-0.361238591916558,0.19384855719633332,0.8903940886699507,0.4462861633866865,0.915,False
conch,tier,a - c,specificity,312,8,0.6970198675496688,0.4032730319615547,0.9602842521716694,0.0,0.432336276393037,0.0,True
conch,tier,a - c,brier,312,8,-0.3345307202237405,-0.5828977849288678,-0.09662258868846817,0.005,0.35995464422580437,0.0375,True
conch,tier,a - c,ece,312,8,-0.46539780367703104,-0.6922763532114541,-0.21057269627053762,0.0,0.3524720223171055,0.0,True
conch,tier,a - c,cal_gap,312,8,-0.6837668692639385,-0.9127333947240214,-0.4340193627522333,0.0,0.3534739806779778,0.0,True
conch,tier,a - c,accuracy,312,8,0.6153846153846154,0.3196314102564103,0.8782051282051282,0.0,0.43207926541612945,0.0,True
hoptimus,sex,female - male,auroc,134,186,0.045897490526385476,-0.025295267107484518,0.1156636551308114,0.189,0.10004903394535003,0.6711538461538461,False
hoptimus,sex,female - male,auprc,134,186,-0.022220937521863604,-0.12804442581982198,0.08352831362991045,0.854,0.1551536827739595,0.9704545454545453,False
hoptimus,sex,female - male,bss,134,186,0.19837890770939182,-0.05472430060558971,0.44830796785734234,0.125,0.36300033550478594,0.390625,False
hoptimus,sex,female - male,balanced_accuracy,134,186,0.08084610444142915,0.0006833287767103907,0.15594996454599494,0.049,0.11106210543521186,0.7156250000000001,False
hoptimus,sex,female - male,sensitivity,134,186,0.10647551546391754,-0.024744925697716608,0.23497559031014129,0.11,0.1841271042783641,0.3055555555555556,False
hoptimus,sex,female - male,specificity,134,186,0.05521669341894064,-0.03219906637353737,0.1464936008482198,0.207,0.12450741775511681,0.3105,False
hoptimus,sex,female - male,brier,134,186,-0.049521881821336045,-0.10927736448543132,0.013139927682577886,0.119,0.08908799413959285,0.2975,False
hoptimus,sex,female - male,ece,134,186,-0.039576532674319334,-0.1089353737551313,0.030996482814241545,0.271,0.10260224478562563,0.40650000000000003,False
hoptimus,sex,female - male,cal_gap,134,186,0.05041566757385724,-0.026692074167576855,0.12802428416402217,0.218,0.11302557763802575,0.37105263157894736,False
hoptimus,sex,female - male,accuracy,134,186,0.08698443267533307,0.0066381800674048955,0.16522227571818326,0.035,0.11302242192747146,0.13125,False
hoptimus,sex,female - male,ppv,134,186,0.054824561403508776,-0.04472578963413847,0.1594753424073652,0.279,0.14372114543499112,0.58125,False
hoptimus,sex,female - male,npv,134,186,0.11185983827493262,-0.005582517543099693,0.22565455127771009,0.061,0.1657698987615942,0.13863636363636364,False
hoptimus,sex,female - male,f1,134,186,0.08507260587383847,-0.00809895966516601,0.1744774219723182,0.078,0.13076316348465503,0.2785714285714286,False
hoptimus,age,20-39 - rest,auroc,104,213,0.004856149571596635,-0.10934465446331394,0.10822788377898859,0.924,0.15323180052692884,0.924,False
hoptimus,age,20-39 - rest,auprc,104,213,0.12208763642777876,0.03660694340520633,0.21788743835471167,0.005,0.13027768367106415,0.075,False
hoptimus,age,20-39 - rest,bss,104,213,-0.4982177014872521,-1.1806815331303195,-0.10173768641420157,0.014,0.7803592566358358,0.275,False
hoptimus,age,20-39 - rest,balanced_accuracy,104,213,0.027116063701429605,-0.0870087468922591,0.13053158442062954,0.646,0.1561347565121141,0.8972222222222224,False
hoptimus,age,20-39 - rest,sensitivity,104,213,0.1619762351469668,0.026552881904893366,0.2908532674792837,0.023,0.19169816014744448,0.2875,False
hoptimus,age,20-39 - rest,specificity,104,213,-0.1077441077441077,-0.2980994152046784,0.049801587301587236,0.188,0.24830293945399343,0.29684210526315785,False
hoptimus,age,20-39 - rest,brier,104,213,0.04467057818145728,-0.021201483280388213,0.11562564659842149,0.187,0.09619760174364514,0.40071428571428575,False
hoptimus,age,20-39 - rest,ece,104,213,0.0954701821418558,0.020460274178829747,0.18141052664261312,0.012,0.11434552487773027,0.03272727272727272,True
hoptimus,age,20-39 - rest,cal_gap,104,213,-0.09077662205216452,-0.1819787763076933,-0.003180538403259939,0.047,0.12762584003917893,0.094,False
hoptimus,age,20-39 - rest,accuracy,104,213,0.000857710364752684,-0.08992416034669548,0.0867190321415674,0.972,0.12700289071819099,0.972,False
hoptimus,age,20-39 - rest,ppv,104,213,0.10393563818221352,0.006054778554778592,0.21282270207585777,0.04,0.14962376423716023,0.3333333333333333,False
hoptimus,age,20-39 - rest,npv,104,213,-0.25268817204301075,-0.45315074791030546,-0.0667379251260831,0.01,0.27327558378066014,0.027777777777777776,True
hoptimus,age,20-39 - rest,f1,104,213,0.1385495309997713,0.04541294890284194,0.23774247452212335,0.005,0.1381922465257719,0.0625,False
hoptimus,age,40-54 - rest,auroc,120,197,-0.028197194222223776,-0.10849259651144876,0.04713864079086478,0.489,0.1099790893308991,0.7758620689655172,False
hoptimus,age,40-54 - rest,auprc,120,197,-0.0566057975569112,-0.16332919978431737,0.04239816357087067,0.36,0.14914532175935405,0.64,False
hoptimus,age,40-54 - rest,bss,120,197,-0.09430336155552199,-0.3689308207262256,0.1726317158614065,0.474,0.3790991323990868,0.6583333333333333,False
hoptimus,age,40-54 - rest,balanced_accuracy,120,197,-0.049892381283641596,-0.13194538513648493,0.03589546331680019,0.261,0.11926582801276764,0.7250000000000001,False
hoptimus,age,40-54 - rest,sensitivity,120,197,-0.08722109533468558,-0.22704667269092343,0.0507167004732928,0.22,0.19857457595287537,0.3762999452654625,False
hoptimus,age,40-54 - rest,specificity,120,197,-0.012563667232597608,-0.10075588207234981,0.07774936748893103,0.83,0.12961636928828185,0.9588461538461538,False
hoptimus,age,40-54 - rest,brier,120,197,0.02357122827305297,-0.04390550045764435,0.0886744712359738,0.476,0.09403678125309246,0.595,False
hoptimus,age,40-54 - rest,ece,120,197,0.0334538476718724,-0.04244502855709076,0.11496940707540895,0.34,0.11035070793372619,0.44347826086956527,False
hoptimus,age,40-54 - rest,cal_gap,120,197,-0.036021618547320666,-0.12112016332880271,0.04600708039311542,0.363,0.11750102860878968,0.5185714285714286,False
hoptimus,age,40-54 - rest,accuracy,120,197,-0.04445854483925549,-0.1267343485617597,0.04289340101522843,0.318,0.12160319004906492,0.5788235294117647,False
hoptimus,age,40-54 - rest,ppv,120,197,-0.03777193401864687,-0.14887987012987008,0.06833761885647549,0.533,0.15753814582798617,0.7828947368421053,False
hoptimus,age,40-54 - rest,npv,120,197,-0.038432267884322746,-0.16246790382819792,0.08350292577266252,0.535,0.1740294586581493,0.7430555555555556,False
hoptimus,age,40-54 - rest,f1,120,197,-0.06721515831463476,-0.17588749335459855,0.030286330444149686,0.203,0.14588024477917494,0.3383333333333333,False
hoptimus,age,55-69 - rest,auroc,82,235,-0.09486346986346994,-0.2700459288365028,0.055796981159249366,0.279,0.2363389583502585,0.6711538461538461,False
hoptimus,age,55-69 - rest,auprc,82,235,-0.174415904780029,-0.3888252696517108,0.0036263219549597585,0.056,0.28123354476299767,0.17500000000000002,False
hoptimus,age,55-69 - rest,bss,82,235,0.13778161094923103,-0.2310052100152135,0.48243943569689823,0.454,0.507677290355365,0.6583333333333333,False
hoptimus,age,55-69 - rest,balanced_accuracy,82,235,-0.051746864246864144,-0.18925252132007803,0.08111278756480098,0.474,0.19439874564704304,0.8972222222222224,False
hoptimus,age,55-69 - rest,sensitivity,82,235,-0.1527777777777778,-0.42540020263424516,0.0996829710144925,0.261,0.3736511514053894,0.3762999452654625,False
hoptimus,age,55-69 - rest,specificity,82,235,0.04928404928404939,-0.03763344811608855,0.13326780610080152,0.238,0.12160978760806931,0.33999999999999997,False
hoptimus,age,55-69 - rest,brier,82,235,-0.07974802159471565,-0.14313522295591868,-0.0121452903974716,0.023,0.09447020761910518,0.08625,False
hoptimus,age,55-69 - rest,ece,82,235,-0.10755482953412483,-0.17174247997100545,-0.02428791163078848,0.006,0.1042546944357645,0.025714285714285714,True
hoptimus,age,55-69 - rest,cal_gap,82,235,0.15125600795109806,0.06836987926206774,0.23443644879054956,0.001,0.11944777153379146,0.003333333333333333,True
hoptimus,age,55-69 - rest,accuracy,82,235,0.056772184743124066,-0.030940581214322842,0.13903866113129199,0.179,0.12127571560157702,0.41307692307692306,False
hoptimus,age,55-69 - rest,ppv,82,235,-0.20374707259953162,-0.47917400396213955,0.020371397206259318,0.094,0.35203031287960396,0.4068181818181818,False
hoptimus,age,55-69 - rest,npv,82,235,0.19495054659031752,0.0859941192568311,0.3015968801313629,0.001,0.1557342533877309,0.0035714285714285718,True
hoptimus,age,55-69 - rest,f1,82,235,-0.17543859649122806,-0.41754673657975544,0.0075131516021042025,0.063,0.30267936063736695,0.2625,False
hoptimus,age,70+ - rest,auroc,11,306,-0.1497863247863248,-0.5861457330676535,0.126349678763386,0.5985221674876847,0.5948857574212678,0.7758620689655172,False
hoptimus,age,70+ - rest,auprc,11,306,-0.05973701865296033,-0.394305723510995,0.13033870124320704,0.7992610837438424,0.38910423879937006,0.9704545454545453,False
hoptimus,age,70+ - rest,bss,11,306,-0.03554097056972394,-0.9697635599848764,0.6283691294142728,0.7967980295566502,1.139645156894108,0.8556547619047619,False
hoptimus,age,70+ - rest,balanced_accuracy,11,306,-0.08794871794871795,-0.34401964930589474,0.16781260085830574,0.5123152709359606,0.3561797019388656,0.8972222222222224,False
hoptimus,age,70+ - rest,sensitivity,11,306,-0.2692307692307693,-0.7822020941438103,0.24528301886792447,0.270935960591133,0.7053408554082417,0.3762999452654625,False
hoptimus,age,70+ - rest,specificity,11,306,0.09333333333333338,0.049082884328786006,0.1439080553738827,0.0,0.0669572056681779,0.0,True
hoptimus,age,70+ - rest,brier,11,306,-0.0029774533928829394,-0.15664635738750002,0.22664540477245668,0.9396551724137931,0.2693197623097102,0.9396551724137931,False
hoptimus,age,70+ - rest,ece,11,306,0.01552836573364541,-0.124043501694437,0.2623990642717441,0.7266009852216748,0.27033856688680075,0.7266009852216748,False
hoptimus,age,70+ - rest,cal_gap,11,306,-0.015528365733645438,-0.2651734423609915,0.14951297638027403,0.7376847290640394,0.2901637950535795,0.7631221335145235,False
hoptimus,age,70+ - rest,accuracy,11,306,-0.018419489007724277,-0.2958036244800951,0.16993464052287577,0.7155172413793104,0.3256309880720102,0.8255968169761274,False
hoptimus,age,70+ - rest,ppv,11,306,0.10447761194029848,-0.902871066555277,0.16091472087234798,0.12315270935960591,0.6790007931953446,0.4068181818181818,False
hoptimus,age,70+ - rest,npv,11,306,-0.012919896640826822,-0.32722070651596213,0.22249206349206346,0.7881773399014779,0.38025154069296296,0.8956560680698612,False
hoptimus,age,70+ - rest,f1,11,306,-0.16091954022988508,-0.8333333333333334,0.1792008800979903,0.41625615763546797,0.6873972882355582,0.5477054705729841,False
hoptimus,tier,a - c,specificity,312,8,0.5653973509933775,0.19663945578231293,0.8492252127449039,0.0,0.481188188755228,0.0,True
hoptimus,tier,a - c,brier,312,8,-0.333465142980786,-0.6019294460917789,-0.06572982352371039,0.007,0.3883346059580203,0.041999999999999996,True
hoptimus,tier,a - c,ece,312,8,-0.4132821319911343,-0.674566058735311,-0.14087821748174853,0.0,0.3874999460288886,0.0,True
hoptimus,tier,a - c,cal_gap,312,8,-0.7299341208014924,-0.9885016738315477,-0.4564222651586022,0.0,0.3881611157846184,0.0,True
hoptimus,tier,a - c,accuracy,312,8,0.47435897435897434,0.11217948717948723,0.7692307692307693,0.003,0.4798015713638455,0.018,True
uni2+hoptimus,sex,female - male,auroc,134,186,0.04030361072959243,-0.02707197733172112,0.10956197744498383,0.247,0.09805735289847495,0.6711538461538461,False
uni2+hoptimus,sex,female - male,auprc,134,186,-0.017792585082321954,-0.12422237521245602,0.08528403824349086,0.853,0.1538694643690274,0.9704545454545453,False
uni2+hoptimus,sex,female - male,bss,134,186,0.19785264303894612,-0.03945832753336552,0.43012900290954087,0.103,0.33428155907066104,0.390625,False
uni2+hoptimus,sex,female - male,balanced_accuracy,134,186,0.06586452938061593,-0.014071539078432505,0.14892711299175276,0.111,0.11474194646276821,0.7156250000000001,False
uni2+hoptimus,sex,female - male,sensitivity,134,186,0.12145618556701032,-0.020027445912270063,0.2667203443877549,0.098,0.2009990973354319,0.3055555555555556,False
uni2+hoptimus,sex,female - male,specificity,134,186,0.010272873194221543,-0.06395384608962802,0.08689015570492643,0.788,0.10747620770957987,0.9588461538461538,False
uni2+hoptimus,sex,female - male,brier,134,186,-0.049389003730424555,-0.10558902282012263,0.00959923400029544,0.099,0.08202469898996924,0.27,False
uni2+hoptimus,sex,female - male,ece,134,186,-0.019389517910439524,-0.08918392498457865,0.04858091076320479,0.531,0.09817039814183028,0.5689285714285715,False
uni2+hoptimus,sex,female - male,cal_gap,134,186,0.04814735697098094,-0.02529016529395479,0.1233574836499925,0.219,0.108961035005529,0.37105263157894736,False
uni2+hoptimus,sex,female - male,accuracy,134,186,0.07534906114588347,-0.00706146685925213,0.15984593163216176,0.085,0.11967415036801268,0.2833333333333334,False
uni2+hoptimus,sex,female - male,ppv,134,186,0.011640211640211673,-0.08381638781638778,0.11007938602278214,0.815,0.13869578923736578,0.8858695652173914,False
uni2+hoptimus,sex,female - male,npv,134,186,0.10948275862068957,-0.011459129106187849,0.22482929896071696,0.074,0.17138407459968788,0.15416666666666665,False
uni2+hoptimus,sex,female - male,f1,134,186,0.08099056125038051,-0.02285472148518305,0.18796101912326654,0.132,0.14592043283684325,0.30000000000000004,False
uni2+hoptimus,age,20-39 - rest,auroc,104,213,-0.011879794400119659,-0.13817438238080515,0.09943172240170473,0.843,0.1689947152985691,0.8854166666666666,False
uni2+hoptimus,age,20-39 - rest,auprc,104,213,0.10565628473139566,0.01861856600965692,0.202919690926304,0.017,0.13294162002255497,0.10625000000000001,False
uni2+hoptimus,age,20-39 - rest,bss,104,213,-0.4141854713684554,-1.0003932683369983,-0.05112709899319528,0.027,0.6887447324571107,0.275,False
uni2+hoptimus,age,20-39 - rest,balanced_accuracy,104,213,0.007454469649591511,-0.10804927640647476,0.10896430226515569,0.913,0.15705031583318405,0.9510416666666667,False
uni2+hoptimus,age,20-39 - rest,sensitivity,104,213,0.1522826766729206,0.0029390921551111903,0.28503869644233176,0.047,0.20275748055611564,0.3055555555555556,False
uni2+hoptimus,age,20-39 - rest,specificity,104,213,-0.13737373737373737,-0.3278017961570593,0.01431107954545439,0.075,0.2441751893806335,0.16071428571428573,False
uni2+hoptimus,age,20-39 - rest,brier,104,213,0.03232990735233379,-0.028115147337064487,0.09891577856182439,0.278,0.08828171104376956,0.483,False
uni2+hoptimus,age,20-39 - rest,ece,104,213,0.09738612404858656,0.025646579826429233,0.17355980561992476,0.01,0.10866869834601728,0.03272727272727272,True
uni2+hoptimus,age,20-39 - rest,cal_gap,104,213,-0.0893754557176345,-0.1761525421545094,-0.0041995884522691655,0.039,0.12310754839757154,0.09,False
uni2+hoptimus,age,20-39 - rest,accuracy,104,213,-0.047219212712170444,-0.14671925785482118,0.043342587576742427,0.328,0.13456869893724768,0.5788235294117647,False
uni2+hoptimus,age,20-39 - rest,ppv,104,213,0.05026737967914441,-0.04444600938967142,0.15224186283057245,0.332,0.14301453133888817,0.6384615384615385,False
uni2+hoptimus,age,20-39 - rest,npv,104,213,-0.31645569620253167,-0.5027364447191806,-0.1431311589690836,0.0,0.2565397394560568,0.0,True
uni2+hoptimus,age,20-39 - rest,f1,104,213,0.11649122807017553,0.008737056408628879,0.2205038347903513,0.034,0.14940411024380337,0.195,False
uni2+hoptimus,age,40-54 - rest,auroc,120,197,-0.02970184736853576,-0.1042112510038211,0.042685174695953385,0.442,0.10540115557736969,0.7758620689655172,False
uni2+hoptimus,age,40-54 - rest,auprc,120,197,-0.04990796111811635,-0.15786296151415885,0.045828635250867486,0.384,0.14576344825099727,0.64,False
uni2+hoptimus,age,40-54 - rest,bss,120,197,-0.12595657612431488,-0.38623100353311285,0.11963056744185901,0.314,0.3595696597204265,0.6053571428571429,False
uni2+hoptimus,age,40-54 - rest,balanced_accuracy,120,197,-0.054262619514171884,-0.13706898600840237,0.031244110153252815,0.212,0.1202238868874389,0.7156250000000001,False
uni2+hoptimus,age,40-54 - rest,sensitivity,120,197,-0.10716700473292762,-0.2513879007637476,0.04354281163580351,0.163,0.21365057857253542,0.3762999452654625,False
uni2+hoptimus,age,40-54 - rest,specificity,120,197,-0.0013582342954160387,-0.08105831690055308,0.07578084997439838,1.0,0.11029567958701333,1.0,False
uni2+hoptimus,age,40-54 - rest,brier,120,197,0.03147376861775364,-0.029889436750238994,0.09326964681618505,0.315,0.08923047714616167,0.483,False
uni2+hoptimus,age,40-54 - rest,ece,120,197,0.03392980163712081,-0.03347536299830438,0.11663860454723882,0.263,0.10564519728160965,0.40650000000000003,False
uni2+hoptimus,age,40-54 - rest,cal_gap,120,197,-0.032963256338097546,-0.11919208795352164,0.049444198759213465,0.396,0.11597235391523852,0.54,False
uni2+hoptimus,age,40-54 - rest,accuracy,120,197,-0.045896785109983074,-0.13287753807106603,0.04434115905245343,0.305,0.12681543295979364,0.5788235294117647,False
uni2+hoptimus,age,40-54 - rest,ppv,120,197,-0.024390243902439046,-0.133202030812325,0.07705965261615783,0.698,0.1490915198405139,0.8309523809523809,False
uni2+hoptimus,age,40-54 - rest,npv,120,197,-0.0397358282883874,-0.1691142539047373,0.08334135643988018,0.517,0.17781789463531403,0.7430555555555556,False
uni2+hoptimus,age,40-54 - rest,f1,120,197,-0.07861220904699162,-0.1922341457631308,0.0307504024652498,0.167,0.16070119341522457,0.3383333333333333,False
uni2+hoptimus,age,55-69 - rest,auroc,82,235,-0.08980602730602738,-0.25378925410215164,0.051312777046710674,0.256,0.22256951389058666,0.6711538461538461,False
uni2+hoptimus,age,55-69 - rest,auprc,82,235,-0.16827935422525508,-0.3832555358483155,0.0085140097291049,0.065,0.2797975485210036,0.18,False
uni2+hoptimus,age,55-69 - rest,bss,82,235,0.13412437175755876,-0.20039873379088533,0.45650041637157973,0.434,0.4728333205730919,0.6583333333333333,False
uni2+hoptimus,age,55-69 - rest,balanced_accuracy,82,235,-0.016334360084360067,-0.15313633759736303,0.11567829553099214,0.837,0.19412713158009365,0.9510416666666667,False
uni2+hoptimus,age,55-69 - rest,sensitivity,82,235,-0.09027777777777779,-0.36059829472090704,0.16282855441064556,0.521,0.3760994363321954,0.6202380952380953,False
uni2+hoptimus,age,55-69 - rest,specificity,82,235,0.05760905760905766,-0.012092883795309067,0.13025012468355632,0.103,0.10089975485478223,0.196875,False
uni2+hoptimus,age,55-69 - rest,brier,82,235,-0.07541247544880358,-0.13484371307938753,-0.012066381111157529,0.023,0.089327949572937,0.08625,False
uni2+hoptimus,age,55-69 - rest,ece,82,235,-0.09370594651002843,-0.15881306119884822,-0.016705932304973515,0.014,0.10097277176731563,0.034999999999999996,True
uni2+hoptimus,age,55-69 - rest,cal_gap,82,235,0.14733726857500717,0.06690956989560459,0.22657865653689288,0.001,0.11553063620477874,0.003333333333333333,True
uni2+hoptimus,age,55-69 - rest,accuracy,82,235,0.11094966268811624,0.02869745718733785,0.18894654903995844,0.01,0.11782217499267955,0.049999999999999996,True
uni2+hoptimus,age,55-69 - rest,ppv,82,235,-0.09459459459459452,-0.34277243516530376,0.09092803030303023,0.384,0.3145209832900801,0.6857142857142857,False
uni2+hoptimus,age,55-69 - rest,npv,82,235,0.24493087557603688,0.13759218134811757,0.353471033035251,0.0,0.15410170301198198,0.0,True
uni2+hoptimus,age,55-69 - rest,f1,82,235,-0.09355742296918768,-0.3450257767903796,0.08289276376605437,0.334,0.3026319253809423,0.49117647058823527,False
uni2+hoptimus,age,70+ - rest,auroc,11,306,-0.11920024420024422,-0.542315820932307,0.12008268539636457,0.6206896551724138,0.524627217887278,0.7758620689655172,False
uni2+hoptimus,age,70+ - rest,auprc,11,306,-0.05180074879694352,-0.3721147775014456,0.1306597457597191,0.8275862068965517,0.3691105219568099,0.9704545454545453,False
uni2+hoptimus,age,70+ - rest,bss,11,306,-0.03619406056482266,-0.8892942482509166,0.4940895022358166,0.8054187192118226,1.0058322817195102,0.8556547619047619,False
uni2+hoptimus,age,70+ - rest,balanced_accuracy,11,306,-0.0724358974358974,-0.3282289739104964,0.18459089938047427,0.6059113300492611,0.3552673137885057,0.8972222222222224,False
uni2+hoptimus,age,70+ - rest,sensitivity,11,306,-0.21153846153846156,-0.725149647887324,0.3031133919843597,0.39901477832512317,0.706056737383408,0.5250194451646357,False
uni2+hoptimus,age,70+ - rest,specificity,11,306,0.06666666666666665,0.029537037037037066,0.10902389277389275,0.0,0.05724785213982695,0.0,True
uni2+hoptimus,age,70+ - rest,brier,11,306,-0.0020836589109178294,-0.1253120564979504,0.1983199229572428,0.9199507389162561,0.23864473135638617,0.9396551724137931,False
uni2+hoptimus,age,70+ - rest,ece,11,306,0.020511419969138828,-0.0816423047763717,0.24331851734713913,0.5566502463054187,0.23642493847915536,0.5758450823849159,False
uni2+hoptimus,age,70+ - rest,cal_gap,11,306,-0.02379461989029183,-0.25406352017707456,0.12142797733126647,0.666256157635468,0.2692447949965091,0.7402846195949644,False
uni2+hoptimus,age,70+ - rest,accuracy,11,306,-0.002079619726678472,-0.27807486631016043,0.18627450980392157,0.8891625615763546,0.32504578131231043,0.9198233395617462,False
uni2+hoptimus,age,70+ - rest,ppv,11,306,0.0826446280991735,-0.928,0.13774913002214487,0.12315270935960591,0.6776935351634573,0.4068181818181818,False
uni2+hoptimus,age,70+ - rest,npv,11,306,0.02102102102102099,-0.29277911539147494,0.25520833333333337,0.9926108374384236,0.3804290296905045,0.9926108374384236,False
uni2+hoptimus,age,70+ - rest,f1,11,306,-0.13477737665463296,-0.8118605427046264,0.20777135145556191,0.5320197044334976,0.6869599187425717,0.665024630541872,False
uni2+hoptimus,tier,a - c,specificity,312,8,0.5918874172185431,0.2292956713132795,0.8683344370860927,0.0,0.4786062415765072,0.0,True
uni2+hoptimus,tier,a - c,brier,312,8,-0.34999526651768825,-0.6211962286579659,-0.08258122266926214,0.002,0.3928720682540649,0.02,True
uni2+hoptimus,tier,a - c,ece,312,8,-0.43356837288966066,-0.6918098455916594,-0.17003721446052603,0.0,0.38045561424944013,0.0,True
uni2+hoptimus,tier,a - c,cal_gap,312,8,-0.7304886118180525,-0.9869083061792667,-0.46006430119585,0.0,0.38141336077230853,0.0,True
uni2+hoptimus,tier,a - c,accuracy,312,8,0.45833333333333337,0.09927884615384613,0.7596955128205124,0.003,0.4796252879879334,0.018,True
ensemble,sex,female - male,auroc,134,186,0.04525406558719869,-0.02300923640858772,0.11466329374045482,0.183,0.09724880046120525,0.6711538461538461,False
ensemble,sex,female - male,auprc,134,186,-0.02755745504094298,-0.132056965555873,0.08056737651983932,0.783,0.1569823304680492,0.9704545454545453,False
ensemble,sex,female - male,bss,134,186,0.16276427406756677,-0.05527511058193624,0.3768743217397842,0.147,0.3099210828766111,0.4083333333333333,False
ensemble,sex,female - male,balanced_accuracy,134,186,0.05664301020999163,-0.021336045606695473,0.13302885143586363,0.163,0.11186824969153798,0.7156250000000001,False
ensemble,sex,female - male,sensitivity,134,186,0.08054123711340211,-0.046565688775510164,0.21062493137900734,0.237,0.18779855530892137,0.3762999452654625,False
ensemble,sex,female - male,specificity,134,186,0.03274478330658104,-0.049774000509294675,0.11470825426944974,0.43,0.11472562217424459,0.5863636363636364,False
ensemble,sex,female - male,brier,134,186,-0.04063231120628284,-0.09265779058482904,0.012971693411267977,0.142,0.07610961886551149,0.32769230769230767,False
ensemble,sex,female - male,ece,134,186,-0.03371590809665513,-0.08800186766938348,0.03544820610420473,0.407,0.08972841172873397,0.4696153846153846,False
ensemble,sex,female - male,cal_gap,134,186,0.04490803059876858,-0.026395576587111228,0.11613945141822159,0.231,0.10523160821721429,0.37105263157894736,False
ensemble,sex,female - male,accuracy,134,186,0.06339271385010425,-0.015727812550152542,0.14371689937409726,0.112,0.11383106045798023,0.3190909090909091,False
ensemble,sex,female - male,ppv,134,186,0.029837251356238714,-0.06681015037593986,0.12599618477787877,0.548,0.13736607455159655,0.7828947368421053,False
ensemble,sex,female - male,npv,134,186,0.08914450035945365,-0.029807574725574854,0.2026103896103896,0.126,0.16663564876455506,0.2423076923076923,False
ensemble,sex,female - male,f1,134,186,0.05984848484848493,-0.03516637142054147,0.15106018206115454,0.221,0.13323888031406153,0.3453125,False
ensemble,age,20-39 - rest,auroc,104,213,0.010085638540923036,-0.11007340658468492,0.11546646241606201,0.85,0.16079832869072197,0.8854166666666666,False
ensemble,age,20-39 - rest,auprc,104,213,0.11529209964060516,0.029337812674520496,0.21252705016372705,0.009,0.1329695605752753,0.075,False
ensemble,age,20-39 - rest,bss,104,213,-0.33416230393010316,-0.8458117967105364,-0.008883527887863202,0.047,0.6128293113884484,0.29375,False
ensemble,age,20-39 - rest,balanced_accuracy,104,213,0.032216473679888336,-0.07974133963862218,0.12952042190498841,0.586,0.15412585216119962,0.8972222222222224,False
ensemble,age,20-39 - rest,sensitivity,104,213,0.1869918699186992,0.05615470241940673,0.31389663230268205,0.01,0.18841699416492605,0.25,False
ensemble,age,20-39 - rest,specificity,104,213,-0.12255892255892253,-0.3079519339993593,0.031971090774439076,0.129,0.24606751661394122,0.22764705882352942,False
ensemble,age,20-39 - rest,brier,104,213,0.020888095853093397,-0.0321930353546926,0.0803954997754727,0.445,0.08064258950419934,0.5804347826086956,False
ensemble,age,20-39 - rest,ece,104,213,0.08849829715039584,0.021447065353276083,0.16522665114485105,0.008,0.10315219803066865,0.03,True
ensemble,age,20-39 - rest,cal_gap,104,213,-0.09339032290544069,-0.17302868089887083,-0.011854947682564832,0.025,0.11736516600030394,0.0625,False
ensemble,age,20-39 - rest,accuracy,104,213,0.005778259299386024,-0.08524061032863846,0.08694474539544961,0.88,0.1234638038783518,0.9198233395617462,False
ensemble,age,20-39 - rest,ppv,104,213,0.07927927927927925,-0.018536175167465425,0.18134873323397913,0.132,0.1458444857034721,0.4068181818181818,False
ensemble,age,20-39 - rest,npv,104,213,-0.23006535947712425,-0.43121554453685423,-0.044028778778778914,0.013,0.2741205496708733,0.0325,True
ensemble,age,20-39 - rest,f1,104,213,0.14381270903010035,0.045632415234527594,0.24155581945548302,0.004,0.13746189774401885,0.0625,False
ensemble,age,40-54 - rest,auroc,120,197,-0.03830204642011359,-0.11483773638156204,0.03505947655221355,0.335,0.10910677905338863,0.6711538461538461,False
ensemble,age,40-54 - rest,auprc,120,197,-0.061884729928609716,-0.1705652647648276,0.038506147068787966,0.306,0.15160563617895642,0.64,False
ensemble,age,40-54 - rest,bss,120,197,-0.11166381859039509,-0.35625577575411027,0.11832736704756655,0.333,0.33534882109091046,0.6053571428571429,False
ensemble,age,40-54 - rest,balanced_accuracy,120,197,-0.06061367348883229,-0.1431530149358329,0.020569380082807332,0.156,0.11666897624681846,0.7156250000000001,False
ensemble,age,40-54 - rest,sensitivity,120,197,-0.11426639621365786,-0.25779616057846183,0.025885141212448264,0.1,0.20238362978369942,0.3055555555555556,False
ensemble,age,40-54 - rest,specificity,120,197,-0.0069609507640068236,-0.08804038570826238,0.07754227053140096,0.892,0.11839652613893309,0.9911111111111112,False
ensemble,age,40-54 - rest,brier,120,197,0.027903158097045966,-0.028685918300959255,0.08647969393063412,0.347,0.08316058789153334,0.4957142857142857,False
ensemble,age,40-54 - rest,ece,120,197,0.030803510683664326,-0.027030014535797245,0.11825232305135847,0.218,0.10242238929261543,0.3847058823529412,False
ensemble,age,40-54 - rest,cal_gap,120,197,-0.029213164387036028,-0.11363442375504017,0.04934203883221129,0.442,0.11269954694474243,0.5765217391304348,False
ensemble,age,40-54 - rest,accuracy,120,197,-0.05461082910321491,-0.13794416243654828,0.030550972927241876,0.212,0.11980788978273652,0.45428571428571424,False
ensemble,age,40-54 - rest,ppv,120,197,-0.03245942571785276,-0.13751263902932254,0.06969873150105708,0.595,0.14927812065363,0.7828947368421053,False
ensemble,age,40-54 - rest,npv,120,197,-0.05481481481481476,-0.1803880643166358,0.06391920967435998,0.359,0.17397306587742278,0.5983333333333333,False
ensemble,age,40-54 - rest,f1,120,197,-0.08193971432928382,-0.1889853815165228,0.014532026036428922,0.111,0.14691627206253363,0.28,False
ensemble,age,55-69 - rest,auroc,82,235,-0.08719058719058714,-0.26317255034884535,0.057407414394384945,0.296,0.2313106777418189,0.6711538461538461,False
ensemble,age,55-69 - rest,auprc,82,235,-0.16510393664619027,-0.37234237104565576,-0.003114263830689996,0.049,0.272780310338051,0.17500000000000002,False
ensemble,age,55-69 - rest,bss,82,235,0.056319931454640315,-0.28446419854536376,0.36673851758586007,0.732,0.4542736104473647,0.8556547619047619,False
ensemble,age,55-69 - rest,balanced_accuracy,82,235,-0.04966561216561216,-0.1874994162694617,0.08241773808526026,0.474,0.1942478888756577,0.8972222222222224,False
ensemble,age,55-69 - rest,sensitivity,82,235,-0.1527777777777778,-0.4258778966131907,0.09215948525159018,0.252,0.37445194697552964,0.3762999452654625,False
ensemble,age,55-69 - rest,specificity,82,235,0.05344655344655347,-0.022791674820664024,0.13095397249809013,0.179,0.11132013419486138,0.29684210526315785,False
ensemble,age,55-69 - rest,brier,82,235,-0.05812212471323659,-0.11461788723576516,0.0035867627233538463,0.064,0.0847818743137693,0.21333333333333332,False
ensemble,age,55-69 - rest,ece,82,235,-0.1015798838340813,-0.14485082747348985,-0.01552434651830305,0.02,0.08990413151191942,0.04615384615384615,True
ensemble,age,55-69 - rest,cal_gap,82,235,0.14637345075012836,0.06622705366377764,0.2243215355748812,0.001,0.11509145723797977,0.003333333333333333,True
ensemble,age,55-69 - rest,accuracy,82,235,0.06471198754540741,-0.021224701608718255,0.14445640892579123,0.133,0.11884108625035102,0.3325,False
ensemble,age,55-69 - rest,ppv,82,235,-0.15638906547997455,-0.41604590750218023,0.06528187177597602,0.172,0.3408967755147161,0.4068181818181818,False
ensemble,age,55-69 - rest,npv,82,235,0.1937452326468344,0.08668154590287272,0.30147562954947865,0.001,0.15647121675088121,0.0035714285714285718,True
ensemble,age,55-69 - rest,f1,82,235,-0.1556278464541314,-0.4032789393427692,0.02443241002133579,0.094,0.30240503716927564,0.28,False
ensemble,age,70+ - rest,auroc,11,306,-0.15829059829059833,-0.5938176406926406,0.11663323844030361,0.5948275862068966,0.5946332146391006,0.7758620689655172,False
ensemble,age,70+ - rest,auprc,11,306,-0.065258637106263,-0.4032486112317828,0.12551875442913007,0.7647783251231527,0.3887713101312411,0.9704545454545453,False
ensemble,age,70+ - rest,bss,11,306,-0.03882428751836897,-0.8823789783978592,0.48525224471878287,0.8214285714285714,1.0034041229458586,0.8556547619047619,False
ensemble,age,70+ - rest,balanced_accuracy,11,306,-0.09461538461538466,-0.3516602860873695,0.16272413586299078,0.46921182266009853,0.35571571816495756,0.8972222222222224,False
ensemble,age,70+ - rest,sensitivity,11,306,-0.2692307692307693,-0.779874213836478,0.24581632653061217,0.2660098522167488,0.7059453486822788,0.3762999452654625,False
ensemble,age,70+ - rest,specificity,11,306,0.07999999999999996,0.03862397144839892,0.12535182119205293,0.0,0.062219919140059185,0.0,True
ensemble,age,70+ - rest,brier,11,306,-0.0006923391348253594,-0.12344152175652487,0.1971368760608842,0.9384236453201971,0.23694646818447002,0.9396551724137931,False
ensemble,age,70+ - rest,ece,11,306,0.0384577693233949,-0.06236467769650874,0.2599726329367028,0.4039408866995074,0.22894076492025403,0.4696153846153846,False
ensemble,age,70+ - rest,cal_gap,11,306,-0.018192144041627556,-0.24818004803182536,0.12108077216656592,0.7105911330049262,0.26594901988803055,0.7613476425052781,False
ensemble,age,70+ - rest,accuracy,11,306,-0.024955436720142554,-0.2976827094474154,0.16666666666666663,0.6539408866995073,0.32520705892802687,0.8174261083743842,False
ensemble,age,70+ - rest,ppv,11,306,0.09090909090909094,-0.9182392228293867,0.14655892887600205,0.12315270935960591,0.6777780824969156,0.4068181818181818,False
ensemble,age,70+ - rest,npv,11,306,-0.01532567049808431,-0.326390588875289,0.2178770949720671,0.7598522167487685,0.3803296602758784,0.8956560680698612,False
ensemble,age,70+ - rest,f1,11,306,-0.16666666666666674,-0.8426314872866597,0.17608861447167723,0.3879310344827586,0.6871558611506391,0.5387931034482759,False
ensemble,tier,a - c,specificity,312,8,0.5786423841059603,0.21246975806451615,0.8607193158953722,0.0,0.48087365203017884,0.0,True
ensemble,tier,a - c,brier,312,8,-0.34689796900612696,-0.599637055174142,-0.09455338350327287,0.002,0.37026550682982523,0.02,True
ensemble,tier,a - c,ece,312,8,-0.444178195986658,-0.6849011225563932,-0.1912826747197708,0.0,0.36540879110378843,0.0,True
ensemble,tier,a - c,cal_gap,312,8,-0.7149147118071619,-0.9552963289991916,-0.45732422664377975,0.0,0.3665860725497712,0.0,True
ensemble,tier,a - c,accuracy,312,8,0.4807692307692307,0.11538461538461542,0.7693108974358971,0.002,0.4792259704468455,0.018,True
