signal,target_coverage,achieved_coverage,coverage_shift,calibration_cutoff,metric,full,retained,delta_vs_full,d_full,d_full_lo,d_full_hi,d_full_mde,p_full_raw,random_mean,random_lo,random_hi,delta_vs_random,pct_in_random,p_raw,retained_prev,random_prev,full_prev,n_retained,n_evaluation,family,predictor
de_within_fold_mi_hoptimus,0.9,0.9342857142857143,0.03428571428571425,0.08253880601966185,auroc,0.8899578235560668,0.9006797281087565,0.010721904552689732,0.01060950774004562,0.0048315863983604546,0.01860001185287811,0.009734456002890647,0.0,0.8897438567145487,0.8821661335465814,0.8994647776581322,0.010935871394207819,0.99,0.02197802197802198,0.3730886850152905,0.3743302752293578,0.3742857142857143,327,350,deep_ensemble,hoptimus
de_within_fold_mi_hoptimus,0.9,0.9342857142857143,0.03428571428571425,0.08253880601966185,auprc,0.7806618290877523,0.7910594708253766,0.010397641737624364,0.010369696982094383,0.0032249586435827067,0.018992172258178026,0.01127686928513659,0.002,0.7804109744188316,0.7616406843063694,0.8063022454313709,0.010648496406545083,0.839,0.32367632367632365,0.3730886850152905,0.3743302752293578,0.3742857142857143,327,350,deep_ensemble,hoptimus
de_within_fold_mi_hoptimus,0.9,0.9342857142857143,0.03428571428571425,0.08253880601966185,bss,0.3447955547049807,0.3892951373978787,0.044499582692898,0.04344556558168185,0.009641833843940167,0.08537348490090167,0.05410027002721431,0.014,0.343829124814015,0.3109771772441163,0.3855345507087005,0.04546601258386368,0.988,0.025974025974025976,0.3730886850152905,0.3743302752293578,0.3742857142857143,327,350,deep_ensemble,hoptimus
de_within_fold_mi_hoptimus,0.9,0.9342857142857143,0.03428571428571425,0.08253880601966185,balanced_accuracy,0.8041583882324236,0.8262295081967213,0.02207111996429767,0.021760740200898708,0.00645312732442947,0.03936429251595446,0.02396237171286876,0.002,0.8039162758039512,0.794140902877316,0.8156764865705022,0.022313232392770055,1.0,0.001998001998001998,0.3730886850152905,0.3743302752293578,0.3742857142857143,327,350,deep_ensemble,hoptimus
de_within_fold_mi_hoptimus,0.9,0.9342857142857143,0.03428571428571425,0.08253880601966185,sensitivity,0.8320610687022901,0.8524590163934426,0.02039794769115244,0.019864466448688844,-0.0029408456857003104,0.04746700600081642,0.03658416444052859,0.094,0.8318985230033064,0.8181818181818182,0.8512396694214877,0.020560493390136214,0.976,0.04995004995004995,0.3730886850152905,0.3743302752293578,0.3742857142857143,327,350,deep_ensemble,hoptimus
de_within_fold_mi_hoptimus,0.9,0.9342857142857143,0.03428571428571425,0.08253880601966185,specificity,0.776255707762557,0.8,0.02374429223744301,0.02365701395310859,0.004607831332644994,0.04865136779984338,0.030778392429051133,0.012,0.7759340286045959,0.7632850241545893,0.7910447761194029,0.024065971395404118,0.997,0.007992007992007992,0.3730886850152905,0.3743302752293578,0.3742857142857143,327,350,deep_ensemble,hoptimus
de_within_fold_mi_hoptimus,0.9,0.9342857142857143,0.03428571428571425,0.08253880601966185,ppv,0.689873417721519,0.7172413793103448,0.027367961588825818,0.02701766681746173,0.0014886563944877206,0.0577196890847728,0.04008511169691573,0.042,0.6895590285972496,0.6713286713286714,0.7086092715231788,0.027682350713095216,0.995,0.011988011988011988,0.3730886850152905,0.3743302752293578,0.3742857142857143,327,350,deep_ensemble,hoptimus
de_within_fold_mi_hoptimus,0.9,0.9342857142857143,0.03428571428571425,0.08253880601966185,npv,0.8854166666666666,0.9010989010989011,0.015682234432234488,0.015408755465767246,-0.0008642089271270719,0.036630234871279234,0.026174293880658138,0.06,0.8852511953800913,0.8757062146892656,0.8994413407821229,0.01584770571880978,0.989,0.023976023976023976,0.3730886850152905,0.3743302752293578,0.3742857142857143,327,350,deep_ensemble,hoptimus
de_within_fold_mi_hoptimus,0.9,0.9342857142857143,0.03428571428571425,0.08253880601966185,f1,0.754325259515571,0.7790262172284644,0.02470095771289349,0.024272752822161132,0.005762104100562563,0.04544690750353509,0.029044096495828845,0.022,0.7540284301493325,0.7404580152671756,0.7686710677382319,0.024997787079131917,1.0,0.001998001998001998,0.3730886850152905,0.3743302752293578,0.3742857142857143,327,350,deep_ensemble,hoptimus
de_within_fold_mi_hoptimus,0.9,0.9342857142857143,0.03428571428571425,0.08253880601966185,brier,0.15344620678423515,0.14283990885240724,-0.010606297931827907,-0.010377894041049905,-0.019175860825463856,-0.0032045021814849734,0.011195822693977862,0.002,0.15363652843956185,0.1444202874363307,0.16099523738460086,-0.01079661958715461,0.01,0.02197802197802198,0.3730886850152905,0.3743302752293578,0.3742857142857143,327,350,deep_ensemble,hoptimus
de_within_fold_mi_hoptimus,0.9,0.9342857142857143,0.03428571428571425,0.08253880601966185,ece,0.11978641100714282,0.11141488511373952,-0.0083715258934033,-0.0073420423352982935,-0.02129262062767596,0.006974730495135854,0.0199321491906214,0.306,0.12066935028618928,0.11023721295604355,0.13000740862462354,-0.009254465172449752,0.044,0.0899100899100899,0.3730886850152905,0.3743302752293578,0.3742857142857143,327,350,deep_ensemble,hoptimus
de_within_fold_mi_hoptimus,0.9,0.9342857142857143,0.03428571428571425,0.08253880601966185,cal_gap,0.08989143235920766,0.08338712243019175,-0.006504309929015906,-0.006522408633968348,-0.021639276012987464,0.009297798718219267,0.021210367368064545,0.376,0.08993231081912342,0.07927316363370618,0.09995805921819985,-0.006545188388931672,0.11,0.2217782217782218,0.3730886850152905,0.3743302752293578,0.3742857142857143,327,350,deep_ensemble,hoptimus
de_within_fold_mi_hoptimus,0.9,0.9342857142857143,0.03428571428571425,0.08253880601966185,accuracy,0.7971428571428572,0.8195718654434251,0.022429008300567932,0.022169097128459853,0.006902989252127137,0.039592807181063304,0.02373618000027358,0.0,0.7968837920489298,0.7859327217125383,0.8073394495412844,0.0226880733944953,1.0,0.001998001998001998,0.3730886850152905,0.3743302752293578,0.3742857142857143,327,350,deep_ensemble,hoptimus
de_within_fold_mi_hoptimus,0.8,0.8371428571428572,0.037142857142857144,0.05764308071056494,auroc,0.8899578235560668,0.9109575219453133,0.020999698389246535,0.020922143884565446,0.011928709870465177,0.03208329416430226,0.014627811632559731,0.0,0.8896981531316905,0.8755719348782711,0.9058149259817172,0.02125936881362278,0.995,0.011988011988011988,0.36177474402730375,0.374334470989761,0.3742857142857143,293,350,deep_ensemble,hoptimus
de_within_fold_mi_hoptimus,0.8,0.8371428571428572,0.037142857142857144,0.05764308071056494,auprc,0.7806618290877523,0.7975855021899534,0.01692367310220111,0.017207190490709266,0.0020495905541590117,0.03256092137382964,0.021845343392634317,0.028,0.7806791842895473,0.7488837419626054,0.8196558635997422,0.016906317900406087,0.829,0.3436563436563437,0.36177474402730375,0.374334470989761,0.3742857142857143,293,350,deep_ensemble,hoptimus
de_within_fold_mi_hoptimus,0.8,0.8371428571428572,0.037142857142857144,0.05764308071056494,bss,0.3447955547049807,0.4181798705782467,0.07338431587326599,0.07125422749527494,0.01392119701190409,0.13302475973013939,0.08532685597547973,0.02,0.3433037696728785,0.2838545298135941,0.40721723568128537,0.07487610090536817,0.986,0.029970029970029972,0.36177474402730375,0.374334470989761,0.3742857142857143,293,350,deep_ensemble,hoptimus
de_within_fold_mi_hoptimus,0.8,0.8371428571428572,0.037142857142857144,0.05764308071056494,balanced_accuracy,0.8041583882324236,0.8457269700332963,0.04156858180087275,0.04128655737597357,0.01743208017682656,0.06619455977834385,0.03513540940014859,0.0,0.8039422589957131,0.7861359439842659,0.8235339917660359,0.04178471103758319,1.0,0.001998001998001998,0.36177474402730375,0.374334470989761,0.3742857142857143,293,350,deep_ensemble,hoptimus
de_within_fold_mi_hoptimus,0.8,0.8371428571428572,0.037142857142857144,0.05764308071056494,sensitivity,0.8320610687022901,0.8679245283018868,0.03586345959959669,0.03563465884666981,-0.0011266722863224493,0.07571889476180298,0.05381660669600029,0.074,0.8321063157437764,0.8058185005393743,0.8623853211009175,0.03581821255811046,0.989,0.023976023976023976,0.36177474402730375,0.374334470989761,0.3742857142857143,293,350,deep_ensemble,hoptimus
de_within_fold_mi_hoptimus,0.8,0.8371428571428572,0.037142857142857144,0.05764308071056494,specificity,0.776255707762557,0.8235294117647058,0.04727370400214881,0.04693845590527733,0.017427198726712827,0.08113840528171189,0.0448272808298414,0.0,0.7757782022476499,0.7527457757296467,0.8,0.047751209517055915,1.0,0.001998001998001998,0.36177474402730375,0.374334470989761,0.3742857142857143,293,350,deep_ensemble,hoptimus
de_within_fold_mi_hoptimus,0.8,0.8371428571428572,0.037142857142857144,0.05764308071056494,ppv,0.689873417721519,0.736,0.04612658227848099,0.04547526804998733,0.006035021547806147,0.09029589613305929,0.05958080246173187,0.018,0.6894669068795272,0.6585365853658537,0.7218045112781954,0.046533093120472824,0.997,0.007992007992007992,0.36177474402730375,0.374334470989761,0.3742857142857143,293,350,deep_ensemble,hoptimus
de_within_fold_mi_hoptimus,0.8,0.8371428571428572,0.037142857142857144,0.05764308071056494,npv,0.8854166666666666,0.9166666666666666,0.03125,0.031157818219157727,0.006459268325853476,0.058073295322693834,0.03654727422097719,0.008,0.8853662490407312,0.8670886075949367,0.906832298136646,0.031300417625935384,0.999,0.003996003996003996,0.36177474402730375,0.374334470989761,0.3742857142857143,293,350,deep_ensemble,hoptimus
de_within_fold_mi_hoptimus,0.8,0.8371428571428572,0.037142857142857144,0.05764308071056494,f1,0.754325259515571,0.7965367965367965,0.0422115370212256,0.041698563153588025,0.01047271258118917,0.0723987192742976,0.04388405812629501,0.008,0.7539830221201633,0.7288135593220338,0.7777885862516213,0.04255377441663322,1.0,0.001998001998001998,0.36177474402730375,0.374334470989761,0.3742857142857143,293,350,deep_ensemble,hoptimus
de_within_fold_mi_hoptimus,0.8,0.8371428571428572,0.037142857142857144,0.05764308071056494,brier,0.15344620678423515,0.13433864815429408,-0.019107558629941068,-0.018696135668649937,-0.031303500687770464,-0.007579722304817197,0.017470579319319657,0.004,0.15368545935528805,0.13962716000868622,0.16645404833253694,-0.019346811200993963,0.004,0.00999000999000999,0.36177474402730375,0.374334470989761,0.3742857142857143,293,350,deep_ensemble,hoptimus
de_within_fold_mi_hoptimus,0.8,0.8371428571428572,0.037142857142857144,0.05764308071056494,ece,0.11978641100714282,0.10923198216981947,-0.010554428837323354,-0.009719442117190169,-0.029087826745253884,0.010010972796562325,0.027372408729000767,0.298,0.12242702915657183,0.10668979341951253,0.13855660013500043,-0.013195046986752362,0.066,0.13386613386613386,0.36177474402730375,0.374334470989761,0.3742857142857143,293,350,deep_ensemble,hoptimus
de_within_fold_mi_hoptimus,0.8,0.8371428571428572,0.037142857142857144,0.05764308071056494,cal_gap,0.08989143235920766,0.07692821770833935,-0.012963214650868304,-0.012730194991512388,-0.033840378465033114,0.008535250899053538,0.030228304535344162,0.234,0.09027609727283638,0.0730525182213932,0.10777075038856807,-0.013347879564497026,0.065,0.13186813186813187,0.36177474402730375,0.374334470989761,0.3742857142857143,293,350,deep_ensemble,hoptimus
de_within_fold_mi_hoptimus,0.8,0.8371428571428572,0.037142857142857144,0.05764308071056494,accuracy,0.7971428571428572,0.8395904436860068,0.04244758654314962,0.04213992320391456,0.018880183953354657,0.06670047411691518,0.03461788617325937,0.0,0.7968703071672355,0.7815699658703071,0.8156996587030717,0.04272013651877127,1.0,0.001998001998001998,0.36177474402730375,0.374334470989761,0.3742857142857143,293,350,deep_ensemble,hoptimus
de_within_fold_mi_hoptimus,0.7,0.7,0.0,0.03469327456621776,auroc,0.8899578235560668,0.936483288967761,0.04652546541169422,0.04674537047652325,0.029279390026603784,0.0677780402726399,0.027641853163422176,0.0,0.8896076502029076,0.8677807914534177,0.9100516870821554,0.046875638764853456,1.0,0.001998001998001998,0.34285714285714286,0.3746938775510204,0.3742857142857143,245,350,deep_ensemble,hoptimus
de_within_fold_mi_hoptimus,0.7,0.7,0.0,0.03469327456621776,auprc,0.7806618290877523,0.8347638606954293,0.054102031607677015,0.055032269154853646,0.015673939130487473,0.10068672554463337,0.061844859557790524,0.004,0.7815220349503418,0.7287283720898097,0.8369029478878826,0.05324182574508751,0.968,0.06593406593406594,0.34285714285714286,0.3746938775510204,0.3742857142857143,245,350,deep_ensemble,hoptimus
de_within_fold_mi_hoptimus,0.7,0.7,0.0,0.03469327456621776,bss,0.3447955547049807,0.517576032126433,0.1727804774214523,0.1723418744911566,0.07210401249778406,0.2748061989228166,0.14707356288834522,0.0,0.3432403054147813,0.24834892854012117,0.4343860386571913,0.1743357267116517,1.0,0.001998001998001998,0.34285714285714286,0.3746938775510204,0.3742857142857143,245,350,deep_ensemble,hoptimus
de_within_fold_mi_hoptimus,0.7,0.7,0.0,0.03469327456621776,balanced_accuracy,0.8041583882324236,0.8812111801242236,0.07705279189180003,0.07692897864205554,0.04353446737876602,0.11404500372857428,0.04878435839583019,0.0,0.8037158433234326,0.7753701176538016,0.8327603132705331,0.07749533680079101,1.0,0.001998001998001998,0.34285714285714286,0.3746938775510204,0.3742857142857143,245,350,deep_ensemble,hoptimus
de_within_fold_mi_hoptimus,0.7,0.7,0.0,0.03469327456621776,sensitivity,0.8320610687022901,0.8928571428571429,0.060796074154852775,0.059975841996240516,0.01198889921343973,0.11322023984645346,0.0737425493147501,0.02,0.8314159429890173,0.7906976744186046,0.875,0.06144119986812557,0.995,0.011988011988011988,0.34285714285714286,0.3746938775510204,0.3742857142857143,245,350,deep_ensemble,hoptimus
de_within_fold_mi_hoptimus,0.7,0.7,0.0,0.03469327456621776,specificity,0.776255707762557,0.8695652173913043,0.09330950962874729,0.09388211528787058,0.051893516134655766,0.13778253081287536,0.0618360633916097,0.0,0.7760157436578481,0.7402532467532468,0.8129139784946237,0.09354947373345623,1.0,0.001998001998001998,0.34285714285714286,0.3746938775510204,0.3742857142857143,245,350,deep_ensemble,hoptimus
de_within_fold_mi_hoptimus,0.7,0.7,0.0,0.03469327456621776,ppv,0.689873417721519,0.78125,0.091376582278481,0.09199918370991839,0.03221143172149979,0.15818202838314302,0.08941375394969085,0.002,0.6898312346993162,0.6415094339622641,0.7387387387387387,0.09141876530068382,1.0,0.001998001998001998,0.34285714285714286,0.3746938775510204,0.3742857142857143,245,350,deep_ensemble,hoptimus
de_within_fold_mi_hoptimus,0.7,0.7,0.0,0.03469327456621776,npv,0.8854166666666666,0.9395973154362416,0.05418064876957496,0.05377393976147355,0.022342022937994498,0.09065013933328124,0.048831190776280516,0.0,0.88483822270828,0.8561151079136691,0.916046437659033,0.054759092727961534,1.0,0.001998001998001998,0.34285714285714286,0.3746938775510204,0.3742857142857143,245,350,deep_ensemble,hoptimus
de_within_fold_mi_hoptimus,0.7,0.7,0.0,0.03469327456621776,f1,0.754325259515571,0.8333333333333334,0.07900807381776243,0.07892086753519004,0.03527902713224743,0.12697654240144135,0.06367125971771656,0.0,0.7537640118186517,0.7156862745098039,0.7918925390288287,0.07956932151468166,1.0,0.001998001998001998,0.34285714285714286,0.3746938775510204,0.3742857142857143,245,350,deep_ensemble,hoptimus
de_within_fold_mi_hoptimus,0.7,0.7,0.0,0.03469327456621776,brier,0.15344620678423515,0.10869307357804449,-0.04475313320619066,-0.044686619941819584,-0.06849332280257762,-0.024615232131009496,0.030593209887865295,0.0,0.15362916799265236,0.13394071892055803,0.17472908745634488,-0.04493609441460787,0.0,0.001998001998001998,0.34285714285714286,0.3746938775510204,0.3742857142857143,245,350,deep_ensemble,hoptimus
de_within_fold_mi_hoptimus,0.7,0.7,0.0,0.03469327456621776,ece,0.11978641100714282,0.10212033484445895,-0.01766607616268387,-0.023758623146547846,-0.0517729407547344,0.004139382365208729,0.03898459990217185,0.082,0.1248060779215455,0.10149613056905636,0.14931158584601228,-0.02268574307708654,0.031,0.06393606393606394,0.34285714285714286,0.3746938775510204,0.3742857142857143,245,350,deep_ensemble,hoptimus
de_within_fold_mi_hoptimus,0.7,0.7,0.0,0.03469327456621776,cal_gap,0.08989143235920766,0.06559171157441224,-0.02429972078479542,-0.024859997539845517,-0.056181044642136635,0.005586267117114074,0.04417117429734228,0.11,0.08956013076251751,0.06382569404957285,0.11621134569021467,-0.023968419188105272,0.035,0.07192807192807193,0.34285714285714286,0.3746938775510204,0.3742857142857143,245,350,deep_ensemble,hoptimus
de_within_fold_mi_hoptimus,0.7,0.7,0.0,0.03469327456621776,accuracy,0.7971428571428572,0.8775510204081632,0.08040816326530609,0.08051039409313793,0.049123076923076936,0.11635345022482353,0.04807684819109125,0.0,0.7967632653061225,0.7673469387755102,0.8244897959183674,0.08078775510204073,1.0,0.001998001998001998,0.34285714285714286,0.3746938775510204,0.3742857142857143,245,350,deep_ensemble,hoptimus
within_encoder_mi_hoptimus,0.9,0.8257142857142857,-0.07428571428571429,0.08139766935862422,auroc,0.8899578235560668,0.9137311286843998,0.023773305128332978,0.023769642411787622,0.013605345100089556,0.035677171901548344,0.016313080167953204,0.0,0.889524064692797,0.8751218461151573,0.9049182822680752,0.024207063991602773,0.999,0.003996003996003996,0.370242214532872,0.3739065743944636,0.3742857142857143,289,350,epistemic,hoptimus
within_encoder_mi_hoptimus,0.9,0.8257142857142857,-0.07428571428571429,0.08139766935862422,auprc,0.7806618290877523,0.8035915375586675,0.022929708470915244,0.02329996356888082,0.009370655885876452,0.039235781131275516,0.02163819460055899,0.002,0.780043458966669,0.7457295996960248,0.8190273610700318,0.023548078591998478,0.892,0.2177822177822178,0.370242214532872,0.3739065743944636,0.3742857142857143,289,350,epistemic,hoptimus
within_encoder_mi_hoptimus,0.9,0.8257142857142857,-0.07428571428571429,0.08139766935862422,bss,0.3447955547049807,0.42623539187580295,0.08143983717082226,0.07959337071687632,0.021498959717028625,0.13911585762343726,0.08203549484101272,0.008,0.3423429702621238,0.2814222090264035,0.40743993301386033,0.08389242161367916,0.994,0.013986013986013986,0.370242214532872,0.3739065743944636,0.3742857142857143,289,350,epistemic,hoptimus
within_encoder_mi_hoptimus,0.9,0.8257142857142857,-0.07428571428571429,0.08139766935862422,balanced_accuracy,0.8041583882324236,0.8568347540310157,0.05267636579859214,0.052148843750640245,0.026181259121638704,0.08079680379661591,0.03897434160719141,0.0,0.8037680776672411,0.785192148765067,0.8240317840054682,0.0530666763637746,1.0,0.001998001998001998,0.370242214532872,0.3739065743944636,0.3742857142857143,289,350,epistemic,hoptimus
within_encoder_mi_hoptimus,0.9,0.8257142857142857,-0.07428571428571429,0.08139766935862422,sensitivity,0.8320610687022901,0.8785046728971962,0.04644360419490612,0.04569091193433281,0.007857527594436078,0.08759003513566274,0.05750482258759874,0.012,0.8319679647398829,0.805514705882353,0.8636473962930273,0.04653670815731337,0.997,0.007992007992007992,0.370242214532872,0.3739065743944636,0.3742857142857143,289,350,epistemic,hoptimus
within_encoder_mi_hoptimus,0.9,0.8257142857142857,-0.07428571428571429,0.08139766935862422,specificity,0.776255707762557,0.8351648351648352,0.05890912740227816,0.058606775566947676,0.02680981328457458,0.09409684033669179,0.04932388273580056,0.0,0.7755681905945991,0.751411649030808,0.8011363636363636,0.05959664457023606,1.0,0.001998001998001998,0.370242214532872,0.3739065743944636,0.3742857142857143,289,350,epistemic,hoptimus
within_encoder_mi_hoptimus,0.9,0.8257142857142857,-0.07428571428571429,0.08139766935862422,ppv,0.689873417721519,0.7580645161290323,0.06819109840751325,0.06752101874399699,0.023294048818980242,0.11277420930221446,0.06563502725604041,0.004,0.6888427653162955,0.6587253193960511,0.7230769230769231,0.06922175081273674,1.0,0.001998001998001998,0.370242214532872,0.3739065743944636,0.3742857142857143,289,350,epistemic,hoptimus
within_encoder_mi_hoptimus,0.9,0.8257142857142857,-0.07428571428571429,0.08139766935862422,npv,0.8854166666666666,0.9212121212121213,0.03579545454545463,0.0354085061466215,0.009536376350440124,0.06481491705781632,0.04095728677868961,0.006,0.8854198721550848,0.8670886075949367,0.9084977283596365,0.035792249057036485,0.999,0.003996003996003996,0.370242214532872,0.3739065743944636,0.3742857142857143,289,350,epistemic,hoptimus
within_encoder_mi_hoptimus,0.9,0.8257142857142857,-0.07428571428571429,0.08139766935862422,f1,0.754325259515571,0.8138528138528138,0.05952755433724288,0.058833166095708635,0.025925803929813907,0.09258258237367463,0.047758573197701694,0.0,0.7535345219104927,0.7288135593220338,0.7786885245901639,0.06031829194232108,1.0,0.001998001998001998,0.370242214532872,0.3739065743944636,0.3742857142857143,289,350,epistemic,hoptimus
within_encoder_mi_hoptimus,0.9,0.8257142857142857,-0.07428571428571429,0.08139766935862422,brier,0.15344620678423515,0.13378062976509636,-0.01966557701913879,-0.01927478629641496,-0.031881553831667485,-0.007274389371143821,0.017051952453975578,0.0,0.1538303271370784,0.1396659353642227,0.16712654895207782,-0.020049697371982034,0.004,0.00999000999000999,0.370242214532872,0.3739065743944636,0.3742857142857143,289,350,epistemic,hoptimus
within_encoder_mi_hoptimus,0.9,0.8257142857142857,-0.07428571428571429,0.08139766935862422,ece,0.11978641100714282,0.1230427271593946,0.003256316152251776,-0.003404382666173137,-0.02463255532127851,0.016472905719012786,0.029260665860197488,0.714,0.12296901114171252,0.10604891502968106,0.1396100301873844,7.371601768207947e-05,0.483,0.967032967032967,0.370242214532872,0.3739065743944636,0.3742857142857143,289,350,epistemic,hoptimus
within_encoder_mi_hoptimus,0.9,0.8257142857142857,-0.07428571428571429,0.08139766935862422,cal_gap,0.08989143235920766,0.07692279004801833,-0.012968642311189327,-0.012946322930133716,-0.03515088320471643,0.00997458258688336,0.03209691231333532,0.25,0.09045594852526079,0.07282273243644527,0.10785226438944485,-0.013533158477242457,0.077,0.15584415584415584,0.370242214532872,0.3739065743944636,0.3742857142857143,289,350,epistemic,hoptimus
within_encoder_mi_hoptimus,0.9,0.8257142857142857,-0.07428571428571429,0.08139766935862422,accuracy,0.7971428571428572,0.8512110726643599,0.05406821552150276,0.05360224083167655,0.02744994679181959,0.08160686681739315,0.038589872939207,0.0,0.7966539792387544,0.7785467128027682,0.8166089965397924,0.05455709342560555,1.0,0.001998001998001998,0.370242214532872,0.3739065743944636,0.3742857142857143,289,350,epistemic,hoptimus
within_encoder_mi_hoptimus,0.8,0.7228571428571429,-0.07714285714285718,0.032760426086508754,auroc,0.8899578235560668,0.9247834776815457,0.03482565412547889,0.035171683896701354,0.018615435121678296,0.05433944083464268,0.025745900935652027,0.0,0.8895722187200759,0.8696913076741801,0.9107516306884936,0.035211258961469816,1.0,0.001998001998001998,0.37549407114624506,0.374794466403162,0.3742857142857143,253,350,epistemic,hoptimus
within_encoder_mi_hoptimus,0.8,0.7228571428571429,-0.07714285714285718,0.032760426086508754,auprc,0.7806618290877523,0.8166401118552079,0.03597828276745563,0.0368724831273866,0.013753887874379154,0.06165497100031083,0.03392578539136917,0.004,0.782173049685223,0.7363195259893953,0.8378261513872842,0.03446706216998485,0.911,0.1798201798201798,0.37549407114624506,0.374794466403162,0.3742857142857143,253,350,epistemic,hoptimus
within_encoder_mi_hoptimus,0.8,0.7228571428571429,-0.07714285714285718,0.032760426086508754,bss,0.3447955547049807,0.5141237186067319,0.1693281639017512,0.16919915428509227,0.08801465298240455,0.25431690345056074,0.11811950053877554,0.0,0.3421023541798054,0.25482941384351293,0.423802464961771,0.1720213644269265,1.0,0.001998001998001998,0.37549407114624506,0.374794466403162,0.3742857142857143,253,350,epistemic,hoptimus
within_encoder_mi_hoptimus,0.8,0.7228571428571429,-0.07714285714285718,0.032760426086508754,balanced_accuracy,0.8041583882324236,0.8851099267155229,0.08095153848309933,0.08126054832368979,0.04775530039082678,0.11639456516584547,0.04824022295428097,0.0,0.8034451430917666,0.7784574001969723,0.8289271709738343,0.08166478362375629,1.0,0.001998001998001998,0.37549407114624506,0.374794466403162,0.3742857142857143,253,350,epistemic,hoptimus
within_encoder_mi_hoptimus,0.8,0.7228571428571429,-0.07714285714285718,0.032760426086508754,sensitivity,0.8320610687022901,0.9157894736842105,0.08372840498192036,0.08425206326343483,0.03202269107393467,0.14202173141979632,0.07575815635363375,0.0,0.8309928305177614,0.7934782608695652,0.8720992083127165,0.08479664316644908,1.0,0.001998001998001998,0.37549407114624506,0.374794466403162,0.3742857142857143,253,350,epistemic,hoptimus
within_encoder_mi_hoptimus,0.8,0.7228571428571429,-0.07714285714285718,0.032760426086508754,specificity,0.776255707762557,0.8544303797468354,0.07817467198427841,0.07826903338394472,0.038004769734244416,0.1202037580614393,0.06012529189312139,0.0,0.775897455665772,0.7423312883435583,0.8117086038961039,0.0785329240810635,1.0,0.001998001998001998,0.37549407114624506,0.374794466403162,0.3742857142857143,253,350,epistemic,hoptimus
within_encoder_mi_hoptimus,0.8,0.7228571428571429,-0.07714285714285718,0.032760426086508754,ppv,0.689873417721519,0.7909090909090909,0.1010356731875719,0.10078990215975857,0.04912011897865129,0.1575383582662063,0.07862910785677955,0.0,0.6897282444586672,0.6454396771452847,0.7391304347826086,0.10118084645042369,1.0,0.001998001998001998,0.37549407114624506,0.374794466403162,0.3742857142857143,253,350,epistemic,hoptimus
within_encoder_mi_hoptimus,0.8,0.7228571428571429,-0.07714285714285718,0.032760426086508754,npv,0.8854166666666666,0.9440559440559441,0.05863927738927743,0.0590083584849432,0.022575136904947026,0.09823742186199313,0.053344932873286295,0.002,0.8844613750400451,0.8571428571428571,0.9142857142857143,0.05959456901589899,0.999,0.003996003996003996,0.37549407114624506,0.374794466403162,0.3742857142857143,253,350,epistemic,hoptimus
within_encoder_mi_hoptimus,0.8,0.7228571428571429,-0.07714285714285718,0.032760426086508754,f1,0.754325259515571,0.848780487804878,0.09445522828930708,0.09455968188081355,0.054666021685143736,0.1351781108617837,0.05757240393020141,0.0,0.753531281216557,0.7192118226600985,0.7854136188322914,0.09524920658832103,1.0,0.001998001998001998,0.37549407114624506,0.374794466403162,0.3742857142857143,253,350,epistemic,hoptimus
within_encoder_mi_hoptimus,0.8,0.7228571428571429,-0.07714285714285718,0.032760426086508754,brier,0.15344620678423515,0.11393714920890739,-0.03950905757532776,-0.03955770189782705,-0.059091048523251984,-0.02204662272427813,0.02625425235953962,0.0,0.15391925908547932,0.13569289853687533,0.17233741318022958,-0.03998210987657193,0.0,0.001998001998001998,0.37549407114624506,0.374794466403162,0.3742857142857143,253,350,epistemic,hoptimus
within_encoder_mi_hoptimus,0.8,0.7228571428571429,-0.07714285714285718,0.032760426086508754,ece,0.11978641100714282,0.10381629139033335,-0.01597011961680947,-0.0238652108587495,-0.0495843679100982,-0.0009270288839581805,0.03580268925033286,0.038,0.12491818211026891,0.10287059645255392,0.14803042645223533,-0.021101890719935554,0.032,0.06593406593406594,0.37549407114624506,0.374794466403162,0.3742857142857143,253,350,epistemic,hoptimus
within_encoder_mi_hoptimus,0.8,0.7228571428571429,-0.07714285714285718,0.032760426086508754,cal_gap,0.08989143235920766,0.07078999698431493,-0.019101435374892728,-0.018746440356736123,-0.0495008705302846,0.010879279213132708,0.04305753212176438,0.214,0.08960015189897041,0.0631660160102048,0.11529727888710221,-0.018810154914655486,0.08,0.16183816183816183,0.37549407114624506,0.374794466403162,0.3742857142857143,253,350,epistemic,hoptimus
within_encoder_mi_hoptimus,0.8,0.7228571428571429,-0.07714285714285718,0.032760426086508754,accuracy,0.7971428571428572,0.8774703557312253,0.08032749858836818,0.08051712814280439,0.0482932361999526,0.11355446008016146,0.0469410367542237,0.0,0.7965256916996047,0.7707509881422925,0.8221343873517787,0.0809446640316206,1.0,0.001998001998001998,0.37549407114624506,0.374794466403162,0.3742857142857143,253,350,epistemic,hoptimus
within_encoder_mi_hoptimus,0.7,0.6142857142857143,-0.08571428571428563,0.012375645149102152,auroc,0.8899578235560668,0.9278933917488135,0.03793556819274668,0.03842763235440549,0.015049616907947877,0.06401911305437048,0.03436916881743917,0.0,0.8897022225250639,0.8652829986612148,0.915946928331328,0.038191169223749544,0.999,0.003996003996003996,0.386046511627907,0.375846511627907,0.3742857142857143,215,350,epistemic,hoptimus
within_encoder_mi_hoptimus,0.7,0.6142857142857143,-0.08571428571428563,0.012375645149102152,auprc,0.7806618290877523,0.8237732997810122,0.043111470693259935,0.044432599183405086,0.013465707046631895,0.07808977661062717,0.045206931389502214,0.012,0.7837806537416582,0.7182455741865692,0.8532405846177665,0.03999264603935404,0.879,0.24375624375624375,0.386046511627907,0.375846511627907,0.3742857142857143,215,350,epistemic,hoptimus
within_encoder_mi_hoptimus,0.7,0.6142857142857143,-0.08571428571428563,0.012375645149102152,bss,0.3447955547049807,0.5724735307899667,0.22767797608498597,0.2275551953784625,0.12044963385368816,0.3294602619821605,0.15086351561523753,0.0,0.34260745586842833,0.233396965604767,0.4517935495828188,0.22986607492153832,1.0,0.001998001998001998,0.386046511627907,0.375846511627907,0.3742857142857143,215,350,epistemic,hoptimus
within_encoder_mi_hoptimus,0.7,0.6142857142857143,-0.08571428571428563,0.012375645149102152,balanced_accuracy,0.8041583882324236,0.9121942314713399,0.10803584323891635,0.10861659117894336,0.07253343782131084,0.14794133325198477,0.05364909617556326,0.0,0.8038671631827974,0.7709823407829741,0.8355905952667082,0.10832706828854255,1.0,0.001998001998001998,0.386046511627907,0.375846511627907,0.3742857142857143,215,350,epistemic,hoptimus
within_encoder_mi_hoptimus,0.7,0.6142857142857143,-0.08571428571428563,0.012375645149102152,sensitivity,0.8320610687022901,0.9759036144578314,0.14384254575554123,0.14475658234035563,0.08702097644317035,0.20752025021204415,0.08468509897869211,0.0,0.8318636338960869,0.782051282051282,0.8815982972136223,0.1440399805617445,1.0,0.001998001998001998,0.386046511627907,0.375846511627907,0.3742857142857143,215,350,epistemic,hoptimus
within_encoder_mi_hoptimus,0.7,0.6142857142857143,-0.08571428571428563,0.012375645149102152,specificity,0.776255707762557,0.8484848484848485,0.07222914072229147,0.07247660001753109,0.026008592901223714,0.12157498252722657,0.06911444352347872,0.0,0.7758706924695077,0.7328109034080663,0.8222222222222222,0.07261415601534082,1.0,0.001998001998001998,0.386046511627907,0.375846511627907,0.3742857142857143,215,350,epistemic,hoptimus
within_encoder_mi_hoptimus,0.7,0.6142857142857143,-0.08571428571428563,0.012375645149102152,ppv,0.689873417721519,0.801980198019802,0.11210678029828303,0.11187759837710459,0.05549583828377997,0.17353136421537174,0.0865856023113829,0.0,0.6909043014046318,0.63438997125519,0.7474771991762283,0.11107589661517026,1.0,0.001998001998001998,0.386046511627907,0.375846511627907,0.3742857142857143,215,350,epistemic,hoptimus
within_encoder_mi_hoptimus,0.7,0.6142857142857143,-0.08571428571428563,0.012375645149102152,npv,0.8854166666666666,0.9824561403508771,0.09703947368421051,0.09772469564869678,0.05840118634235485,0.1407498715523626,0.06049543246149801,0.0,0.8845684663135683,0.85,0.9210526315789473,0.0978876740373088,1.0,0.001998001998001998,0.386046511627907,0.375846511627907,0.3742857142857143,215,350,epistemic,hoptimus
within_encoder_mi_hoptimus,0.7,0.6142857142857143,-0.08571428571428563,0.012375645149102152,f1,0.754325259515571,0.8804347826086957,0.12610952309312473,0.12639680333404024,0.0850991586559646,0.17054913243937633,0.06390997747577291,0.0,0.7544514832595727,0.7116428084526244,0.7955801104972375,0.125983299349123,1.0,0.001998001998001998,0.386046511627907,0.375846511627907,0.3742857142857143,215,350,epistemic,hoptimus
within_encoder_mi_hoptimus,0.7,0.6142857142857143,-0.08571428571428563,0.012375645149102152,brier,0.15344620678423515,0.10133001615284207,-0.05211619063139308,-0.052231945065241855,-0.0759621315468737,-0.02788759882595527,0.034659617764686505,0.0,0.1538203544161854,0.1299230424051552,0.1764419534111922,-0.052490338263343345,0.0,0.001998001998001998,0.386046511627907,0.375846511627907,0.3742857142857143,215,350,epistemic,hoptimus
within_encoder_mi_hoptimus,0.7,0.6142857142857143,-0.08571428571428563,0.012375645149102152,ece,0.11978641100714282,0.09600950972384195,-0.023776901283300872,-0.0317787067642289,-0.06402619401917058,-0.0029894908540399703,0.04289198500605594,0.036,0.12705669229678163,0.0986064591186969,0.15501118067635064,-0.031047182572939674,0.016,0.03396603396603397,0.386046511627907,0.375846511627907,0.3742857142857143,215,350,epistemic,hoptimus
within_encoder_mi_hoptimus,0.7,0.6142857142857143,-0.08571428571428563,0.012375645149102152,cal_gap,0.08989143235920766,0.0889198984438418,-0.0009715339153658631,-0.0004011231863062234,-0.03525414970751769,0.036288275312088454,0.0503190423299051,0.986,0.08975171603101541,0.05736368319364694,0.119998313669206,-0.0008318175871736139,0.466,0.9330669330669331,0.386046511627907,0.375846511627907,0.3742857142857143,215,350,epistemic,hoptimus
within_encoder_mi_hoptimus,0.7,0.6142857142857143,-0.08571428571428563,0.012375645149102152,accuracy,0.7971428571428572,0.8976744186046511,0.10053156146179398,0.10086790631636754,0.06505041761974074,0.13853414861205138,0.052652029460156125,0.0,0.7969302325581396,0.7673255813953489,0.827906976744186,0.10074418604651159,1.0,0.001998001998001998,0.386046511627907,0.375846511627907,0.3742857142857143,215,350,epistemic,hoptimus
laplace_epistemic_mi_hoptimus,0.9,0.8257142857142857,-0.07428571428571429,0.12905515210000001,auroc,0.8899578235560668,0.913371675053918,0.023413851497851246,0.02347723526242207,0.012876378022561285,0.035781126805218416,0.01656385910133694,0.0,0.889524064692797,0.8751218461151573,0.9049182822680752,0.02384761036112104,0.999,0.003996003996003996,0.370242214532872,0.3739065743944636,0.3742857142857143,289,350,laplace,hoptimus
laplace_epistemic_mi_hoptimus,0.9,0.8257142857142857,-0.07428571428571429,0.12905515210000001,auprc,0.7806618290877523,0.8029645968531822,0.022302767765429943,0.022781066586098582,0.008459504376279167,0.03856898623523643,0.021947461261516782,0.004,0.780043458966669,0.7457295996960248,0.8190273610700318,0.022921137886513177,0.884,0.23376623376623376,0.370242214532872,0.3739065743944636,0.3742857142857143,289,350,laplace,hoptimus
laplace_epistemic_mi_hoptimus,0.9,0.8257142857142857,-0.07428571428571429,0.12905515210000001,bss,0.3447955547049807,0.432937606471375,0.08814205176639434,0.08803938373694009,0.03383876872411522,0.15151585050776656,0.08408892823120298,0.006,0.3423429702621238,0.2814222090264035,0.40743993301386033,0.09059463620925123,0.997,0.007992007992007992,0.370242214532872,0.3739065743944636,0.3742857142857143,289,350,laplace,hoptimus
laplace_epistemic_mi_hoptimus,0.9,0.8257142857142857,-0.07428571428571429,0.12905515210000001,balanced_accuracy,0.8041583882324236,0.8513402485365102,0.047181860304086665,0.0471919875230184,0.022702339557172845,0.07455416253417226,0.037117424303621326,0.0,0.8037680776672411,0.785192148765067,0.8240317840054682,0.047572170869269126,1.0,0.001998001998001998,0.370242214532872,0.3739065743944636,0.3742857142857143,289,350,laplace,hoptimus
laplace_epistemic_mi_hoptimus,0.9,0.8257142857142857,-0.07428571428571429,0.12905515210000001,sensitivity,0.8320610687022901,0.8785046728971962,0.04644360419490612,0.045763034548171384,0.010187722038297847,0.08493555715317498,0.05505269553016086,0.014,0.8319679647398829,0.805514705882353,0.8636473962930273,0.04653670815731337,0.997,0.007992007992007992,0.370242214532872,0.3739065743944636,0.3742857142857143,289,350,laplace,hoptimus
laplace_epistemic_mi_hoptimus,0.9,0.8257142857142857,-0.07428571428571429,0.12905515210000001,specificity,0.776255707762557,0.8241758241758241,0.0479201164132671,0.04862094049786541,0.018465482615935835,0.0830356937366431,0.046028649556222934,0.0,0.7755681905945991,0.751411649030808,0.8011363636363636,0.048607633581224996,1.0,0.001998001998001998,0.370242214532872,0.3739065743944636,0.3742857142857143,289,350,laplace,hoptimus
laplace_epistemic_mi_hoptimus,0.9,0.8257142857142857,-0.07428571428571429,0.12905515210000001,ppv,0.689873417721519,0.746031746031746,0.056158328310227046,0.05670615856634785,0.0168575464943117,0.10148600340337628,0.06030701547332068,0.006,0.6888427653162955,0.6587253193960511,0.7230769230769231,0.05718898071545053,1.0,0.001998001998001998,0.370242214532872,0.3739065743944636,0.3742857142857143,289,350,laplace,hoptimus
laplace_epistemic_mi_hoptimus,0.9,0.8257142857142857,-0.07428571428571429,0.12905515210000001,npv,0.8854166666666666,0.9202453987730062,0.03482873210633952,0.03451629123506362,0.010632010225097258,0.062035555415006424,0.03807141039935507,0.004,0.8854198721550848,0.8670886075949367,0.9084977283596365,0.034825526617921376,0.997,0.007992007992007992,0.370242214532872,0.3739065743944636,0.3742857142857143,289,350,laplace,hoptimus
laplace_epistemic_mi_hoptimus,0.9,0.8257142857142857,-0.07428571428571429,0.12905515210000001,f1,0.754325259515571,0.8068669527896996,0.05254169327412861,0.05253216564700388,0.02222806898283617,0.0845742057578721,0.04532437079587707,0.002,0.7535345219104927,0.7288135593220338,0.7786885245901639,0.053332430879206805,1.0,0.001998001998001998,0.370242214532872,0.3739065743944636,0.3742857142857143,289,350,laplace,hoptimus
laplace_epistemic_mi_hoptimus,0.9,0.8257142857142857,-0.07428571428571429,0.12905515210000001,brier,0.15344620678423515,0.13221792185889109,-0.021228284925344065,-0.021236727329729112,-0.03456049390587814,-0.010329527639955696,0.017891359972977597,0.0,0.1538303271370784,0.1396659353642227,0.16712654895207782,-0.021612405278187308,0.001,0.003996003996003996,0.370242214532872,0.3739065743944636,0.3742857142857143,289,350,laplace,hoptimus
laplace_epistemic_mi_hoptimus,0.9,0.8257142857142857,-0.07428571428571429,0.12905515210000001,ece,0.11978641100714282,0.12285550943420509,0.0030690984270622668,-0.002749467320854272,-0.026750422747009443,0.017137421061192405,0.030913049729015513,0.812,0.12296901114171252,0.10604891502968106,0.1396100301873844,-0.0001135017075074296,0.476,0.9530469530469531,0.370242214532872,0.3739065743944636,0.3742857142857143,289,350,laplace,hoptimus
laplace_epistemic_mi_hoptimus,0.9,0.8257142857142857,-0.07428571428571429,0.12905515210000001,cal_gap,0.08989143235920766,0.07664808291339864,-0.013243349445809016,-0.013715113400829017,-0.035273337439135764,0.006133567857589466,0.029932553458108736,0.178,0.09045594852526079,0.07282273243644527,0.10785226438944485,-0.013807865611862147,0.076,0.15384615384615385,0.370242214532872,0.3739065743944636,0.3742857142857143,289,350,laplace,hoptimus
laplace_epistemic_mi_hoptimus,0.9,0.8257142857142857,-0.07428571428571429,0.12905515210000001,accuracy,0.7971428571428572,0.8442906574394463,0.04714780029658916,0.04732752641908602,0.023545896519527317,0.07500073385518598,0.03656333949770248,0.0,0.7966539792387544,0.7785467128027682,0.8166089965397924,0.04763667820069195,1.0,0.001998001998001998,0.370242214532872,0.3739065743944636,0.3742857142857143,289,350,laplace,hoptimus
laplace_epistemic_mi_hoptimus,0.8,0.7257142857142858,-0.07428571428571429,0.097950514,auroc,0.8899578235560668,0.9229394240317775,0.03298160047571075,0.03316242549604353,0.016360314195265083,0.051152484268379976,0.02450728819678949,0.0,0.889653791229655,0.8698315336690141,0.9097254359113863,0.03328563280212249,0.998,0.005994005994005994,0.37401574803149606,0.37475196850393705,0.3742857142857143,254,350,laplace,hoptimus
laplace_epistemic_mi_hoptimus,0.8,0.7257142857142858,-0.07428571428571429,0.097950514,auprc,0.7806618290877523,0.8143236646337046,0.03366183554595237,0.03450961678832705,0.012401954012845403,0.05813082572259219,0.032758707364982806,0.004,0.7816131448497058,0.73414795507052,0.8354634276139731,0.03271051978399886,0.901,0.1998001998001998,0.37401574803149606,0.37475196850393705,0.3742857142857143,254,350,laplace,hoptimus
laplace_epistemic_mi_hoptimus,0.8,0.7257142857142858,-0.07428571428571429,0.097950514,bss,0.3447955547049807,0.4784799512463286,0.1336843965413479,0.1322781545963304,0.057849675148714565,0.21044501261551524,0.10891369915032648,0.002,0.3437472977361432,0.25953411557194045,0.4241625024341188,0.13473265351018537,1.0,0.001998001998001998,0.37401574803149606,0.37475196850393705,0.3742857142857143,254,350,laplace,hoptimus
laplace_epistemic_mi_hoptimus,0.8,0.7257142857142858,-0.07428571428571429,0.097950514,balanced_accuracy,0.8041583882324236,0.8782522343594836,0.07409384612706005,0.07381551867300334,0.04295945149181114,0.1083663866024872,0.04576290205811938,0.0,0.8040646439546693,0.7772112906928498,0.8310794885313649,0.07418759040481437,1.0,0.001998001998001998,0.37401574803149606,0.37475196850393705,0.3742857142857143,254,350,laplace,hoptimus
laplace_epistemic_mi_hoptimus,0.8,0.7257142857142858,-0.07428571428571429,0.097950514,sensitivity,0.8320610687022901,0.9263157894736842,0.09425472077139407,0.09332494882008684,0.044236264731097284,0.1478073171799716,0.07309033851618357,0.0,0.8320313660791676,0.7938144329896907,0.8723404255319149,0.09428442339451659,1.0,0.001998001998001998,0.37401574803149606,0.37475196850393705,0.3742857142857143,254,350,laplace,hoptimus
laplace_epistemic_mi_hoptimus,0.8,0.7257142857142858,-0.07428571428571429,0.097950514,specificity,0.776255707762557,0.8301886792452831,0.05393297148272602,0.054306088525919845,0.018663233924000766,0.09762058625446639,0.05540699755204991,0.002,0.7760979218301709,0.7425103780169722,0.8121212121212121,0.054090757415112156,1.0,0.001998001998001998,0.37401574803149606,0.37475196850393705,0.3742857142857143,254,350,laplace,hoptimus
laplace_epistemic_mi_hoptimus,0.8,0.7257142857142858,-0.07428571428571429,0.097950514,ppv,0.689873417721519,0.7652173913043478,0.07534397358282885,0.075387972764382,0.02928608553608554,0.1258236012544072,0.07005153448596445,0.002,0.6901821490583211,0.6481082375478927,0.7339449541284404,0.07503524224602676,1.0,0.001998001998001998,0.37401574803149606,0.37475196850393705,0.3742857142857143,254,350,laplace,hoptimus
laplace_epistemic_mi_hoptimus,0.8,0.7257142857142858,-0.07428571428571429,0.097950514,npv,0.8854166666666666,0.9496402877697842,0.06422362110311752,0.06370466587679326,0.027829061608294244,0.10244308957766242,0.05246551109186712,0.0,0.885144985640103,0.8591312802186252,0.9139111651490066,0.06449530212968113,1.0,0.001998001998001998,0.37401574803149606,0.37475196850393705,0.3742857142857143,254,350,laplace,hoptimus
laplace_epistemic_mi_hoptimus,0.8,0.7257142857142858,-0.07428571428571429,0.097950514,f1,0.754325259515571,0.8380952380952381,0.08376997857966717,0.08341261910597245,0.04911631659725396,0.12170429983652065,0.053537565179877324,0.0,0.7542510142850439,0.7199802955665024,0.7878933566433566,0.08384422381019419,1.0,0.001998001998001998,0.37401574803149606,0.37475196850393705,0.3742857142857143,254,350,laplace,hoptimus
laplace_epistemic_mi_hoptimus,0.8,0.7257142857142858,-0.07428571428571429,0.097950514,brier,0.15344620678423515,0.12210242941943406,-0.031343777364801095,-0.03110267559827012,-0.04772837840341037,-0.01540413858241649,0.024175409217625676,0.0,0.15355012178883876,0.13421569604532083,0.1725320196637672,-0.0314476923694047,0.0,0.001998001998001998,0.37401574803149606,0.37475196850393705,0.3742857142857143,254,350,laplace,hoptimus
laplace_epistemic_mi_hoptimus,0.8,0.7257142857142858,-0.07428571428571429,0.097950514,ece,0.11978641100714282,0.11370817186819862,-0.0060782391389442025,-0.015033595485331716,-0.04006836557977177,0.007457771279274885,0.03347852633758158,0.19,0.12435846275794649,0.10246983319441888,0.1462869748869191,-0.010650290889747865,0.186,0.37362637362637363,0.37401574803149606,0.37475196850393705,0.3742857142857143,254,350,laplace,hoptimus
laplace_epistemic_mi_hoptimus,0.8,0.7257142857142858,-0.07428571428571429,0.097950514,cal_gap,0.08989143235920766,0.07958163230882281,-0.010309800050384843,-0.010618322778798029,-0.039276610385538216,0.014913510273567404,0.03937139460747656,0.444,0.08987961100499656,0.06526475900941084,0.11315754154478871,-0.010297978696173743,0.199,0.3996003996003996,0.37401574803149606,0.37475196850393705,0.3742857142857143,254,350,laplace,hoptimus
laplace_epistemic_mi_hoptimus,0.8,0.7257142857142858,-0.07428571428571429,0.097950514,accuracy,0.7971428571428572,0.8661417322834646,0.06899887514060743,0.06885784246300689,0.03934740849701483,0.09950760035419128,0.04413973951660101,0.0,0.7970511811023623,0.7716535433070866,0.8228346456692913,0.0690905511811023,1.0,0.001998001998001998,0.37401574803149606,0.37475196850393705,0.3742857142857143,254,350,laplace,hoptimus
laplace_epistemic_mi_hoptimus,0.7,0.6028571428571429,-0.09714285714285709,0.0661450077,auroc,0.8899578235560668,0.9308592251630227,0.04090140160695588,0.041286585064322145,0.01817184487674429,0.06646375671719766,0.03417686490562525,0.002,0.8895785974954347,0.8624733143613876,0.9176806878227901,0.041280627667588,0.999,0.003996003996003996,0.3744075829383886,0.3750947867298578,0.3742857142857143,211,350,laplace,hoptimus
laplace_epistemic_mi_hoptimus,0.7,0.6028571428571429,-0.09714285714285709,0.0661450077,auprc,0.7806618290877523,0.8236236701124275,0.04296184102467526,0.04447587568703866,0.011318413197523917,0.07911805246174411,0.04905616479619526,0.016,0.7822951856089958,0.7183888027903983,0.8530199139701007,0.04132848450343174,0.879,0.24375624375624375,0.3744075829383886,0.3750947867298578,0.3742857142857143,211,350,laplace,hoptimus
laplace_epistemic_mi_hoptimus,0.7,0.6028571428571429,-0.09714285714285709,0.0661450077,bss,0.3447955547049807,0.5833388040265237,0.23854324932154303,0.2392102250941889,0.1336239995552601,0.3491267575680442,0.15889501932395375,0.0,0.34227350822711217,0.22608141924418787,0.45463637653598,0.24106529579941155,1.0,0.001998001998001998,0.3744075829383886,0.3750947867298578,0.3742857142857143,211,350,laplace,hoptimus
laplace_epistemic_mi_hoptimus,0.7,0.6028571428571429,-0.09714285714285709,0.0661450077,balanced_accuracy,0.8041583882324236,0.9153720751822018,0.11121368694977818,0.11178364360010809,0.07509819378005238,0.15030777263285533,0.05295782420702586,0.0,0.8038965997696017,0.7674050632911392,0.8382242259212674,0.11147547541260006,1.0,0.001998001998001998,0.3744075829383886,0.3750947867298578,0.3742857142857143,211,350,laplace,hoptimus
laplace_epistemic_mi_hoptimus,0.7,0.6028571428571429,-0.09714285714285709,0.0661450077,sensitivity,0.8320610687022901,0.9746835443037974,0.14262247560150731,0.14292731799549255,0.08623088544967959,0.2056776075881943,0.08463310602465893,0.0,0.8322029690077202,0.7804878048780488,0.8888888888888888,0.14248057529607727,1.0,0.001998001998001998,0.3744075829383886,0.3750947867298578,0.3742857142857143,211,350,laplace,hoptimus
laplace_epistemic_mi_hoptimus,0.7,0.6028571428571429,-0.09714285714285709,0.0661450077,specificity,0.776255707762557,0.8560606060606061,0.07980489829804904,0.08063996920472363,0.03319161557287889,0.12943313467777967,0.06878008603876543,0.0,0.7755902305314833,0.7301587301587301,0.8203331427845528,0.08047037552912273,1.0,0.001998001998001998,0.3744075829383886,0.3750947867298578,0.3742857142857143,211,350,laplace,hoptimus
laplace_epistemic_mi_hoptimus,0.7,0.6028571428571429,-0.09714285714285709,0.0661450077,ppv,0.689873417721519,0.8020833333333334,0.11220991561181437,0.11286133652537811,0.05324814563120835,0.17396955731730834,0.08934602491581423,0.0,0.6900128175529617,0.63438997125519,0.7475378787878788,0.11207051578037164,1.0,0.001998001998001998,0.3744075829383886,0.3750947867298578,0.3742857142857143,211,350,laplace,hoptimus
laplace_epistemic_mi_hoptimus,0.7,0.6028571428571429,-0.09714285714285709,0.0661450077,npv,0.8854166666666666,0.9826086956521739,0.09719202898550727,0.0974175586533494,0.05657412255745458,0.140885221889803,0.060112595215927614,0.0,0.8850482735625985,0.8487074490813274,0.9230769230769231,0.09756042208957538,1.0,0.001998001998001998,0.3744075829383886,0.3750947867298578,0.3742857142857143,211,350,laplace,hoptimus
laplace_epistemic_mi_hoptimus,0.7,0.6028571428571429,-0.09714285714285709,0.0661450077,f1,0.754325259515571,0.88,0.12567474048442906,0.1262113829998884,0.08388492163414556,0.1753816089447592,0.06457297179331677,0.0,0.7540483395188412,0.707851466155111,0.8,0.1259516604811588,1.0,0.001998001998001998,0.3744075829383886,0.3750947867298578,0.3742857142857143,211,350,laplace,hoptimus
laplace_epistemic_mi_hoptimus,0.7,0.6028571428571429,-0.09714285714285709,0.0661450077,brier,0.15344620678423515,0.09759311227536242,-0.05585309450887273,-0.056140378504396383,-0.08125865053866488,-0.03237614529660124,0.03576834096484346,0.0,0.15376301343743148,0.12880593883554572,0.17905990856700815,-0.05616990116206906,0.0,0.001998001998001998,0.3744075829383886,0.3750947867298578,0.3742857142857143,211,350,laplace,hoptimus
laplace_epistemic_mi_hoptimus,0.7,0.6028571428571429,-0.09714285714285709,0.0661450077,ece,0.11978641100714282,0.09021669270845092,-0.0295697182986919,-0.03632723354461622,-0.0674153753991814,-0.00903248376078662,0.043100426961331165,0.006,0.12767599727606518,0.0984235856338661,0.15479193370295075,-0.03745930456761426,0.006,0.013986013986013986,0.3744075829383886,0.3750947867298578,0.3742857142857143,211,350,laplace,hoptimus
laplace_epistemic_mi_hoptimus,0.7,0.6028571428571429,-0.09714285714285709,0.0661450077,cal_gap,0.08989143235920766,0.08312484313549323,-0.006766589223714425,-0.006908231080857742,-0.04183007998776175,0.0286113648822614,0.051392595683510046,0.688,0.0898942097390812,0.05817137426230229,0.12265484389873903,-0.00676936660358797,0.338,0.6773226773226774,0.3744075829383886,0.3750947867298578,0.3742857142857143,211,350,laplace,hoptimus
laplace_epistemic_mi_hoptimus,0.7,0.6028571428571429,-0.09714285714285709,0.0661450077,accuracy,0.7971428571428572,0.9004739336492891,0.10333107650643192,0.10387994107340999,0.06903384551495009,0.14033912547384775,0.052107927236689576,0.0,0.796824644549763,0.7630331753554502,0.8341232227488151,0.10364928909952609,1.0,0.001998001998001998,0.3744075829383886,0.3750947867298578,0.3742857142857143,211,350,laplace,hoptimus
mc_epistemic_mi_hoptimus,0.9,0.9171428571428571,0.017142857142857126,0.01965417414641043,auroc,0.8899578235560668,0.9063599798893917,0.01640215633332487,0.01635227594160998,0.007296552205643259,0.027480090406784598,0.014596493214214344,0.0,0.8895353428506211,0.880718542375628,0.8997081357943362,0.016824637038770573,0.997,0.007992007992007992,0.3644859813084112,0.3745576323987539,0.3742857142857143,321,350,mc_dropout,hoptimus
mc_epistemic_mi_hoptimus,0.9,0.9171428571428571,0.017142857142857126,0.01965417414641043,auprc,0.7806618290877523,0.7940230407075538,0.013361211619801527,0.013550436548481162,0.005477922424621201,0.024452801039324307,0.013525755031662796,0.0,0.7802518143577758,0.7597729653831286,0.8079302382651486,0.01377122634977801,0.857,0.28771228771228774,0.3644859813084112,0.3745576323987539,0.3742857142857143,321,350,mc_dropout,hoptimus
mc_epistemic_mi_hoptimus,0.9,0.9171428571428571,0.017142857142857126,0.01965417414641043,bss,0.3447955547049807,0.38023745821500776,0.03544190351002707,0.03472587481165313,0.005406201528363777,0.0698554923625025,0.04593255972007383,0.028,0.3434256620102493,0.3038670280727717,0.38767831687022614,0.03681179620475844,0.944,0.11388611388611389,0.3644859813084112,0.3745576323987539,0.3742857142857143,321,350,mc_dropout,hoptimus
mc_epistemic_mi_hoptimus,0.9,0.9171428571428571,0.017142857142857126,0.01965417414641043,balanced_accuracy,0.8041583882324236,0.8341503267973855,0.029991938564961962,0.029464321360051688,0.0104371607448905,0.05245639075379922,0.029254318525983144,0.0,0.8037484201823786,0.7926093514328808,0.817186316912608,0.03040190661500697,1.0,0.001998001998001998,0.3644859813084112,0.3745576323987539,0.3742857142857143,321,350,mc_dropout,hoptimus
mc_epistemic_mi_hoptimus,0.9,0.9171428571428571,0.017142857142857126,0.01965417414641043,sensitivity,0.8320610687022901,0.8888888888888888,0.05682782018659871,0.055753982939103525,0.020755578561990142,0.0976480325197874,0.05437859080166665,0.0,0.8314725788020592,0.8151260504201681,0.8524590163934426,0.05741631008682968,1.0,0.001998001998001998,0.3644859813084112,0.3745576323987539,0.3742857142857143,321,350,mc_dropout,hoptimus
mc_epistemic_mi_hoptimus,0.9,0.9171428571428571,0.017142857142857126,0.01965417414641043,specificity,0.776255707762557,0.7794117647058824,0.003156056943325325,0.003174659780999858,-0.011329957949888655,0.020537316599845604,0.02269548966382241,0.748,0.776024261562698,0.76,0.7939956030150753,0.003387503143184367,0.662,0.6773226773226774,0.3644859813084112,0.3745576323987539,0.3742857142857143,321,350,mc_dropout,hoptimus
mc_epistemic_mi_hoptimus,0.9,0.9171428571428571,0.017142857142857126,0.01965417414641043,ppv,0.689873417721519,0.697986577181208,0.008113159459689046,0.008165701330698194,-0.010754483588653949,0.03142921335200741,0.0292810254906913,0.458,0.6897464053878799,0.6689655172413793,0.7143105158730159,0.008240171793328144,0.763,0.4755244755244755,0.3644859813084112,0.3745576323987539,0.3742857142857143,321,350,mc_dropout,hoptimus
mc_epistemic_mi_hoptimus,0.9,0.9171428571428571,0.017142857142857126,0.01965417414641043,npv,0.8854166666666666,0.9244186046511628,0.03900193798449614,0.03829019727322228,0.013636063753436059,0.06670118837698662,0.039279561998802566,0.0,0.8849147042577851,0.8735632183908046,0.8994413407821229,0.0395039003933777,1.0,0.001998001998001998,0.3644859813084112,0.3745576323987539,0.3742857142857143,321,350,mc_dropout,hoptimus
mc_epistemic_mi_hoptimus,0.9,0.9171428571428571,0.017142857142857126,0.01965417414641043,f1,0.754325259515571,0.7819548872180451,0.027629627702474124,0.027233705086886828,0.008237137022766267,0.04992961309234027,0.029177700227974324,0.006,0.7539471850075394,0.7376328934615671,0.7709090909090909,0.028007702210505636,0.996,0.00999000999000999,0.3644859813084112,0.3745576323987539,0.3742857142857143,321,350,mc_dropout,hoptimus
mc_epistemic_mi_hoptimus,0.9,0.9171428571428571,0.017142857142857126,0.01965417414641043,brier,0.15344620678423515,0.14355928559820066,-0.009886921186034486,-0.009748615645417917,-0.01822378537553387,-0.003325664192634041,0.010696762843620873,0.002,0.15375281239519786,0.14380864430517276,0.1621266489813338,-0.010193526796997199,0.02,0.04195804195804196,0.3644859813084112,0.3745576323987539,0.3742857142857143,321,350,mc_dropout,hoptimus
mc_epistemic_mi_hoptimus,0.9,0.9171428571428571,0.017142857142857126,0.01965417414641043,ece,0.11978641100714282,0.12390849898835661,0.004122087981213787,0.0018470159243182559,-0.012615713640010004,0.016235562433976298,0.020151114050374928,0.742,0.12093772874177369,0.10802350523895214,0.13135475492934892,0.0029707702465829183,0.685,0.6313686313686314,0.3644859813084112,0.3745576323987539,0.3742857142857143,321,350,mc_dropout,hoptimus
mc_epistemic_mi_hoptimus,0.9,0.9171428571428571,0.017142857142857126,0.01965417414641043,cal_gap,0.08989143235920766,0.10217673120913395,0.012285298849926296,0.01200487203545188,-0.003159001654602532,0.028722907212409415,0.022938087320137846,0.116,0.08975412472340795,0.0767000203192207,0.1013948580304544,0.012422606485726004,0.978,0.04595404595404595,0.3644859813084112,0.3745576323987539,0.3742857142857143,321,350,mc_dropout,hoptimus
mc_epistemic_mi_hoptimus,0.9,0.9171428571428571,0.017142857142857126,0.01965417414641043,accuracy,0.7971428571428572,0.8193146417445483,0.022171784601691114,0.02182714798822546,0.006707039337474077,0.041087444427648855,0.02411898116704213,0.002,0.7967943925233645,0.7850467289719626,0.8099688473520249,0.022520249221183786,0.996,0.00999000999000999,0.3644859813084112,0.3745576323987539,0.3742857142857143,321,350,mc_dropout,hoptimus
mc_epistemic_mi_hoptimus,0.8,0.7114285714285714,-0.08857142857142863,0.00825282370584278,auroc,0.8899578235560668,0.9270747173972981,0.03711689384123129,0.037443926576967115,0.018873196711561634,0.058562101448001516,0.028159836128229653,0.0,0.8903977906136784,0.8698505843392647,0.9121061951005698,0.03667692678361967,1.0,0.001998001998001998,0.37349397590361444,0.3745542168674699,0.3742857142857143,249,350,mc_dropout,hoptimus
mc_epistemic_mi_hoptimus,0.8,0.7114285714285714,-0.08857142857142863,0.00825282370584278,auprc,0.7806618290877523,0.818637151004819,0.03797532191706676,0.038947832374121166,0.01403055807646492,0.06461798154743306,0.036028319195907835,0.0,0.7831041820041322,0.7310395909254126,0.8406900977571252,0.03553296900068681,0.895,0.21178821178821178,0.37349397590361444,0.3745542168674699,0.3742857142857143,249,350,mc_dropout,hoptimus
mc_epistemic_mi_hoptimus,0.8,0.7114285714285714,-0.08857142857142863,0.00825282370584278,bss,0.3447955547049807,0.547685104468635,0.20288954976365436,0.20309290568978425,0.12206650448234145,0.2951939769202284,0.12488179188836887,0.0,0.34613689107301004,0.2603599110675586,0.43562447552756317,0.201548213395625,1.0,0.001998001998001998,0.37349397590361444,0.3745542168674699,0.3742857142857143,249,350,mc_dropout,hoptimus
mc_epistemic_mi_hoptimus,0.8,0.7114285714285714,-0.08857142857142863,0.00825282370584278,balanced_accuracy,0.8041583882324236,0.9047766749379653,0.10061828670554174,0.10099717261007768,0.06604050422216656,0.1401240961863502,0.05107431278831358,0.0,0.8044402406071487,0.7790851953524004,0.8309858719074878,0.10033643433081663,1.0,0.001998001998001998,0.37349397590361444,0.3745542168674699,0.3742857142857143,249,350,mc_dropout,hoptimus
mc_epistemic_mi_hoptimus,0.8,0.7114285714285714,-0.08857142857142863,0.00825282370584278,sensitivity,0.8320610687022901,0.956989247311828,0.12492817860953787,0.12540323058544703,0.07221100636988491,0.1869862343873104,0.0831011483156121,0.0,0.8318005206069784,0.7916666666666666,0.8750351123595506,0.1251887267048496,1.0,0.001998001998001998,0.37349397590361444,0.3745542168674699,0.3742857142857143,249,350,mc_dropout,hoptimus
mc_epistemic_mi_hoptimus,0.8,0.7114285714285714,-0.08857142857142863,0.00825282370584278,specificity,0.776255707762557,0.8525641025641025,0.0763083948015455,0.07659111463470836,0.036926549912743016,0.12033283133706738,0.060066537618559984,0.0,0.777079960607319,0.7402532467532468,0.8116883116883117,0.07548414195678355,1.0,0.001998001998001998,0.37349397590361444,0.3745542168674699,0.3742857142857143,249,350,mc_dropout,hoptimus
mc_epistemic_mi_hoptimus,0.8,0.7114285714285714,-0.08857142857142863,0.00825282370584278,ppv,0.689873417721519,0.7946428571428571,0.1047694394213381,0.10482619008942021,0.053678030092721124,0.15895174158848263,0.07755552949658252,0.0,0.6908678062620786,0.6486361361361361,0.7383282815525806,0.10377505088077854,1.0,0.001998001998001998,0.37349397590361444,0.3745542168674699,0.3742857142857143,249,350,mc_dropout,hoptimus
mc_epistemic_mi_hoptimus,0.8,0.7114285714285714,-0.08857142857142863,0.00825282370584278,npv,0.8854166666666666,0.9708029197080292,0.0853862530413626,0.08573526943103403,0.04827621265897672,0.13112953223247342,0.0589846851406935,0.0,0.8852651224080014,0.8582089552238806,0.9172932330827067,0.08553779730002786,1.0,0.001998001998001998,0.37349397590361444,0.3745542168674699,0.3742857142857143,249,350,mc_dropout,hoptimus
mc_epistemic_mi_hoptimus,0.8,0.7114285714285714,-0.08857142857142863,0.00825282370584278,f1,0.754325259515571,0.8682926829268293,0.11396742341125832,0.11427772078241955,0.07396040633807371,0.15862576763438252,0.059743920802857155,0.0,0.75455887228082,0.7192118226600985,0.788738855149244,0.11373381064600929,1.0,0.001998001998001998,0.37349397590361444,0.3745542168674699,0.3742857142857143,249,350,mc_dropout,hoptimus
mc_epistemic_mi_hoptimus,0.8,0.7114285714285714,-0.08857142857142863,0.00825282370584278,brier,0.15344620678423515,0.10583997845791264,-0.04760622832632251,-0.04771009971923927,-0.06900279965251757,-0.02887665026033023,0.028322058252565657,0.0,0.15294603239705232,0.13253816625434586,0.17140950151046416,-0.04710605393913968,0.0,0.001998001998001998,0.37349397590361444,0.3745542168674699,0.3742857142857143,249,350,mc_dropout,hoptimus
mc_epistemic_mi_hoptimus,0.8,0.7114285714285714,-0.08857142857142863,0.00825282370584278,ece,0.11978641100714282,0.09835640973081658,-0.021430001276326244,-0.029651659136466887,-0.05756587159871982,-0.006132979107119833,0.03701761322229494,0.014,0.12396601790896158,0.10028560569747548,0.14662250994681167,-0.025609608178145005,0.018,0.03796203796203796,0.37349397590361444,0.3745542168674699,0.3742857142857143,249,350,mc_dropout,hoptimus
mc_epistemic_mi_hoptimus,0.8,0.7114285714285714,-0.08857142857142863,0.00825282370584278,cal_gap,0.08989143235920766,0.08247852707757425,-0.0074129052816334084,-0.00721163279717762,-0.037413589103211124,0.02432728565534001,0.044396145475415934,0.66,0.08914543456056617,0.06500760990418195,0.11377387573857012,-0.006666907482991924,0.31,0.6213786213786214,0.37349397590361444,0.3745542168674699,0.3742857142857143,249,350,mc_dropout,hoptimus
mc_epistemic_mi_hoptimus,0.8,0.7114285714285714,-0.08857142857142863,0.00825282370584278,accuracy,0.7971428571428572,0.891566265060241,0.0944234079173838,0.09469983821231122,0.06240142021720962,0.1314327036599764,0.04859695552722865,0.0,0.797582329317269,0.7710843373493976,0.8232931726907631,0.09398393574297192,1.0,0.001998001998001998,0.37349397590361444,0.3745542168674699,0.3742857142857143,249,350,mc_dropout,hoptimus
mc_epistemic_mi_hoptimus,0.7,0.6457142857142857,-0.05428571428571427,0.00574393620768629,auroc,0.8899578235560668,0.9288205980066445,0.03886277445057773,0.03937533216978871,0.017787299577176004,0.06236259950445276,0.03301201539217227,0.0,0.8888200505567603,0.8651510738427791,0.9147205380066019,0.04000054744988424,0.997,0.007992007992007992,0.3805309734513274,0.3744026548672566,0.3742857142857143,226,350,mc_dropout,hoptimus
mc_epistemic_mi_hoptimus,0.7,0.6457142857142857,-0.05428571428571427,0.00574393620768629,auprc,0.7806618290877523,0.8229040768799116,0.04224224779215935,0.04351415224654549,0.013710060310121326,0.07324165551037445,0.042639793658932695,0.006,0.7802740312851801,0.7248804371788564,0.8471046476263121,0.04263004559473149,0.898,0.2057942057942058,0.3805309734513274,0.3744026548672566,0.3742857142857143,226,350,mc_dropout,hoptimus
mc_epistemic_mi_hoptimus,0.7,0.6457142857142857,-0.05428571428571427,0.00574393620768629,bss,0.3447955547049807,0.5648832810112203,0.22008772630623963,0.22111697294418686,0.12259402685674119,0.32296121940704314,0.14254493702409193,0.0,0.33987311296969075,0.23923478617617105,0.4407579640763286,0.22501016804152957,1.0,0.001998001998001998,0.3805309734513274,0.3744026548672566,0.3742857142857143,226,350,mc_dropout,hoptimus
mc_epistemic_mi_hoptimus,0.7,0.6457142857142857,-0.05428571428571427,0.00574393620768629,balanced_accuracy,0.8041583882324236,0.9098006644518273,0.1056422762194037,0.10641345796217339,0.07160294985039363,0.1476627208558767,0.05384019234187004,0.0,0.8032545065444079,0.772770488018982,0.8355979114609479,0.10654615790741939,1.0,0.001998001998001998,0.3805309734513274,0.3744026548672566,0.3742857142857143,226,350,mc_dropout,hoptimus
mc_epistemic_mi_hoptimus,0.7,0.6457142857142857,-0.05428571428571427,0.00574393620768629,sensitivity,0.8320610687022901,0.9767441860465116,0.14468311734422146,0.1455116723432895,0.09021132079725827,0.20863516163588602,0.08724926073265998,0.0,0.8312405253417158,0.7847921461449943,0.8795180722891566,0.1455036607047958,1.0,0.001998001998001998,0.3805309734513274,0.3744026548672566,0.3742857142857143,226,350,mc_dropout,hoptimus
mc_epistemic_mi_hoptimus,0.7,0.6457142857142857,-0.05428571428571427,0.00574393620768629,specificity,0.776255707762557,0.8428571428571429,0.06660143509458583,0.06731524358105727,0.02466852353141393,0.1146309333940913,0.06430320226621121,0.0,0.7752684877471,0.7357142857142858,0.8156028368794326,0.06758865511004286,0.999,0.003996003996003996,0.3805309734513274,0.3744026548672566,0.3742857142857143,226,350,mc_dropout,hoptimus
mc_epistemic_mi_hoptimus,0.7,0.6457142857142857,-0.05428571428571427,0.00574393620768629,ppv,0.689873417721519,0.7924528301886793,0.10257941246716029,0.10290921681473938,0.04828674282376085,0.1619646815732662,0.08238842560714302,0.0,0.6887822514712905,0.6363636363636364,0.74290273556231,0.10367057871738883,1.0,0.001998001998001998,0.3805309734513274,0.3744026548672566,0.3742857142857143,226,350,mc_dropout,hoptimus
mc_epistemic_mi_hoptimus,0.7,0.6457142857142857,-0.05428571428571427,0.00574393620768629,npv,0.8854166666666666,0.9833333333333333,0.09791666666666665,0.09852176446580993,0.05980002196222343,0.14564975254391513,0.06236094255913469,0.0,0.8847717465328396,0.8538414634146341,0.9193709677419354,0.09856158680049365,1.0,0.001998001998001998,0.3805309734513274,0.3744026548672566,0.3742857142857143,226,350,mc_dropout,hoptimus
mc_epistemic_mi_hoptimus,0.7,0.6457142857142857,-0.05428571428571427,0.00574393620768629,f1,0.754325259515571,0.875,0.12067474048442905,0.12124824513597597,0.08032655712304126,0.17028379552262135,0.0630189069582868,0.0,0.7529682085404302,0.710021978021978,0.7933006436725771,0.12203179145956977,1.0,0.001998001998001998,0.3805309734513274,0.3744026548672566,0.3742857142857143,226,350,mc_dropout,hoptimus
mc_epistemic_mi_hoptimus,0.7,0.6457142857142857,-0.05428571428571427,0.00574393620768629,brier,0.15344620678423515,0.10256882482232178,-0.05087738196191337,-0.051266748962891275,-0.07432985219872797,-0.02847264440054955,0.03270798669528608,0.0,0.15425954842781622,0.13154551665938125,0.17651136391050193,-0.05169072360549444,0.0,0.001998001998001998,0.3805309734513274,0.3744026548672566,0.3742857142857143,226,350,mc_dropout,hoptimus
mc_epistemic_mi_hoptimus,0.7,0.6457142857142857,-0.05428571428571427,0.00574393620768629,ece,0.11978641100714282,0.09491166100659316,-0.02487475000054966,-0.03221061138463403,-0.06177960872353778,-0.004745339433751987,0.04109941604574895,0.016,0.1267886790125538,0.09999578796638178,0.15390120915159797,-0.03187701800596064,0.01,0.02197802197802198,0.3805309734513274,0.3744026548672566,0.3742857142857143,226,350,mc_dropout,hoptimus
mc_epistemic_mi_hoptimus,0.7,0.6457142857142857,-0.05428571428571427,0.00574393620768629,cal_gap,0.08989143235920766,0.09074878827039001,0.0008573559111823559,0.0010649710959197965,-0.031699483418081854,0.03565580277424867,0.04846171320925014,0.968,0.08990305847306124,0.05999012985623939,0.11869405749127016,0.0008457297973287758,0.512,0.977022977022977,0.3805309734513274,0.3744026548672566,0.3742857142857143,226,350,mc_dropout,hoptimus
mc_epistemic_mi_hoptimus,0.7,0.6457142857142857,-0.05428571428571427,0.00574393620768629,accuracy,0.7971428571428572,0.8938053097345132,0.09666245259165607,0.09726245712265842,0.06248773529568601,0.13493768668245962,0.05143439491849072,0.0,0.7962256637168141,0.7654867256637168,0.827433628318584,0.09757964601769908,1.0,0.001998001998001998,0.3805309734513274,0.3744026548672566,0.3742857142857143,226,350,mc_dropout,hoptimus
ood_attention_hoptimus,0.9,0.8857142857142857,-0.014285714285714346,94.61395263671875,auroc,0.8899578235560668,0.8870086142813416,-0.0029492092747251952,-0.0030788669331077052,-0.010865204467380169,0.005509830239432226,0.011973482665546622,0.452,0.8898794023084026,0.8787052253512418,0.9021983281911213,-0.0028707880270609776,0.335,0.6713286713286714,0.3903225806451613,0.3739322580645162,0.3742857142857143,310,350,ood,hoptimus
ood_attention_hoptimus,0.9,0.8857142857142857,-0.014285714285714346,94.61395263671875,auprc,0.7806618290877523,0.784653938514333,0.003992109426580681,0.00409370809314382,-0.0041016638339327225,0.012369782472398373,0.0119383527688592,0.316,0.7802982119744698,0.7545573286571751,0.813911582415402,0.004355726539863158,0.643,0.7152847152847153,0.3903225806451613,0.3739322580645162,0.3742857142857143,310,350,ood,hoptimus
ood_attention_hoptimus,0.9,0.8857142857142857,-0.014285714285714346,94.61395263671875,bss,0.3447955547049807,0.34148295782998084,-0.0033125968749998513,-0.004210703120872155,-0.041065615876784714,0.035992408599765165,0.05454889489502798,0.8,0.34392198698355336,0.2945763146336319,0.3972821009132389,-0.002439029153572525,0.473,0.9470529470529471,0.3903225806451613,0.3739322580645162,0.3742857142857143,310,350,ood,hoptimus
ood_attention_hoptimus,0.9,0.8857142857142857,-0.014285714285714346,94.61395263671875,balanced_accuracy,0.8041583882324236,0.8035987581442127,-0.0005596300882109162,-0.000880292531594177,-0.014710304897762459,0.014946202598354927,0.021170900727041263,0.858,0.80406647287854,0.7898316170074398,0.8196525892926698,-0.00046771473432738464,0.485,0.973026973026973,0.3903225806451613,0.3739322580645162,0.3742857142857143,310,350,ood,hoptimus
ood_attention_hoptimus,0.9,0.8857142857142857,-0.014285714285714346,94.61395263671875,sensitivity,0.8320610687022901,0.8347107438016529,0.0026496750993627582,0.0022494058051245784,-0.014186348255788225,0.023247509636168052,0.027675260157705935,0.882,0.8321004063531037,0.8108108108108109,0.8559322033898306,0.002610337448549216,0.581,0.8391608391608392,0.3903225806451613,0.3739322580645162,0.3742857142857143,310,350,ood,hoptimus
ood_attention_hoptimus,0.9,0.8857142857142857,-0.014285714285714346,94.61395263671875,specificity,0.776255707762557,0.7724867724867724,-0.0037689352757845906,-0.004009990868312934,-0.02471926341882394,0.0196251867209326,0.03178701163407493,0.694,0.7760325394039763,0.7577040037091584,0.796875,-0.003545766917203874,0.371,0.7492507492507493,0.3903225806451613,0.3739322580645162,0.3742857142857143,310,350,ood,hoptimus
ood_attention_hoptimus,0.9,0.8857142857142857,-0.014285714285714346,94.61395263671875,ppv,0.689873417721519,0.7013888888888888,0.01151547116736984,0.011247084386161562,-0.012548706278914065,0.037186868041454164,0.035998612345843034,0.404,0.689343721838414,0.6666666666666666,0.7183150756390193,0.01204516705047487,0.816,0.3696303696303696,0.3903225806451613,0.3739322580645162,0.3742857142857143,310,350,ood,hoptimus
ood_attention_hoptimus,0.9,0.8857142857142857,-0.014285714285714346,94.61395263671875,npv,0.8854166666666666,0.8795180722891566,-0.005898594377510058,-0.0062138858360109624,-0.02042727215546264,0.01055683778430866,0.022551178986074227,0.426,0.8855764333332938,0.8713261093911249,0.9024390243902439,-0.0060583610441372615,0.244,0.5074925074925075,0.3903225806451613,0.3739322580645162,0.3742857142857143,310,350,ood,hoptimus
ood_attention_hoptimus,0.9,0.8857142857142857,-0.014285714285714346,94.61395263671875,f1,0.754325259515571,0.7622641509433963,0.007938891427825334,0.007569351052654831,-0.010350725445371528,0.025467380915086223,0.0258015200259366,0.43,0.7539370601648981,0.7343623991935484,0.7744360902255639,0.008327090778498136,0.782,0.43756243756243757,0.3903225806451613,0.3739322580645162,0.3742857142857143,310,350,ood,hoptimus
ood_attention_hoptimus,0.9,0.8857142857142857,-0.014285714285714346,94.61395263671875,brier,0.15344620678423515,0.15670786927561048,0.003261662491375328,0.0034360246400033986,-0.0059240573015822565,0.012122548591273187,0.012720406889705228,0.434,0.15351161861092869,0.14206147227324703,0.16433121678992296,0.0031962506646817934,0.699,0.6033966033966034,0.3903225806451613,0.3739322580645162,0.3742857142857143,310,350,ood,hoptimus
ood_attention_hoptimus,0.9,0.8857142857142857,-0.014285714285714346,94.61395263671875,ece,0.11978641100714282,0.1217410745288362,0.0019546635216933783,0.005705662537508005,-0.00822788681655195,0.01945329980309761,0.01945923612562923,0.424,0.12134919217683697,0.10697056809259763,0.13492281091511685,0.0003918823519992315,0.515,0.971028971028971,0.3903225806451613,0.3739322580645162,0.3742857142857143,310,350,ood,hoptimus
ood_attention_hoptimus,0.9,0.8857142857142857,-0.014285714285714346,94.61395263671875,cal_gap,0.08989143235920766,0.08848228933981567,-0.0014091430193919896,-0.0014728126376733763,-0.014426076422386861,0.011609642722275954,0.018524177054523038,0.812,0.09008579598503448,0.07612049972412464,0.10368797062114145,-0.0016035066452188135,0.403,0.8071928071928072,0.3903225806451613,0.3739322580645162,0.3742857142857143,310,350,ood,hoptimus
ood_attention_hoptimus,0.9,0.8857142857142857,-0.014285714285714346,94.61395263671875,accuracy,0.7971428571428572,0.7967741935483871,-0.0003686635944700756,-0.0006648023393627647,-0.015364729937534427,0.015452929696853555,0.02222103448418808,0.888,0.7969967741935484,0.7838709677419354,0.8129032258064516,-0.00022258064516134102,0.411,1.0,0.3903225806451613,0.3739322580645162,0.3742857142857143,310,350,ood,hoptimus
ood_attention_hoptimus,0.8,0.7257142857142858,-0.07428571428571429,89.3962173461914,auroc,0.8899578235560668,0.8815384615384615,-0.008419362017605292,-0.00871640686882949,-0.026278570316276877,0.007689518933435194,0.023803961183325235,0.3,0.889653791229655,0.8698315336690141,0.9097254359113863,-0.008115329691193551,0.217,0.4355644355644356,0.4094488188976378,0.37475196850393705,0.3742857142857143,254,350,ood,hoptimus
ood_attention_hoptimus,0.8,0.7257142857142858,-0.07428571428571429,89.3962173461914,auprc,0.7806618290877523,0.791247100915839,0.010585271828086773,0.011069550113056987,-0.011263192000903805,0.033780134107439574,0.03259329231971377,0.33,0.7816131448497058,0.73414795507052,0.8354634276139731,0.009633956066133265,0.644,0.7132867132867133,0.4094488188976378,0.37475196850393705,0.3742857142857143,254,350,ood,hoptimus
ood_attention_hoptimus,0.8,0.7257142857142858,-0.07428571428571429,89.3962173461914,bss,0.3447955547049807,0.31131286846960704,-0.03348268623537365,-0.03534276181073823,-0.10705351000497255,0.03568138736616616,0.10158032508560415,0.312,0.3437472977361432,0.25953411557194045,0.4241625024341188,-0.03243442926653617,0.23,0.46153846153846156,0.4094488188976378,0.37475196850393705,0.3742857142857143,254,350,ood,hoptimus
ood_attention_hoptimus,0.8,0.7257142857142858,-0.07428571428571429,89.3962173461914,balanced_accuracy,0.8041583882324236,0.790128205128205,-0.014030183104218552,-0.014691133050929445,-0.039307596490918646,0.010129454922159206,0.03429232983631059,0.216,0.8040646439546693,0.7772112906928498,0.8310794885313649,-0.013936438826464226,0.146,0.2937062937062937,0.4094488188976378,0.37475196850393705,0.3742857142857143,254,350,ood,hoptimus
ood_attention_hoptimus,0.8,0.7257142857142858,-0.07428571428571429,89.3962173461914,sensitivity,0.8320610687022901,0.8269230769230769,-0.005137991779213258,-0.0063229279780550995,-0.0362025293990231,0.02409154418077476,0.04426091063915657,0.688,0.8320313660791676,0.7938144329896907,0.8723404255319149,-0.0051082891560907395,0.411,0.8311688311688312,0.4094488188976378,0.37475196850393705,0.3742857142857143,254,350,ood,hoptimus
ood_attention_hoptimus,0.8,0.7257142857142858,-0.07428571428571429,89.3962173461914,specificity,0.776255707762557,0.7533333333333333,-0.022922374429223735,-0.023059338123803782,-0.061279917269748616,0.013343296833382624,0.05262915991674428,0.228,0.7760979218301709,0.7425103780169722,0.8121212121212121,-0.0227645884968376,0.107,0.21578421578421578,0.4094488188976378,0.37475196850393705,0.3742857142857143,254,350,ood,hoptimus
ood_attention_hoptimus,0.8,0.7257142857142858,-0.07428571428571429,89.3962173461914,ppv,0.689873417721519,0.6991869918699187,0.009313574148399728,0.009325995768438048,-0.02829758528919174,0.05118375374360403,0.05663276274764746,0.652,0.6901821490583211,0.6481082375478927,0.7339449541284404,0.009004842811597635,0.655,0.6913086913086913,0.4094488188976378,0.37475196850393705,0.3742857142857143,254,350,ood,hoptimus
ood_attention_hoptimus,0.8,0.7257142857142858,-0.07428571428571429,89.3962173461914,npv,0.8854166666666666,0.8625954198473282,-0.022821246819338392,-0.023878723685224444,-0.05237655100183974,0.0026410710610966066,0.03959308341248336,0.084,0.885144985640103,0.8591312802186252,0.9139111651490066,-0.022549565792774784,0.044,0.0919080919080919,0.4094488188976378,0.37475196850393705,0.3742857142857143,254,350,ood,hoptimus
ood_attention_hoptimus,0.8,0.7257142857142858,-0.07428571428571429,89.3962173461914,f1,0.754325259515571,0.7577092511013216,0.0033839915857506453,0.00273937468462296,-0.02837944626825279,0.03253882108696205,0.04209594172655379,0.862,0.7542510142850439,0.7199802955665024,0.7878933566433566,0.00345823681627766,0.579,0.8431568431568431,0.4094488188976378,0.37475196850393705,0.3742857142857143,254,350,ood,hoptimus
ood_attention_hoptimus,0.8,0.7257142857142858,-0.07428571428571429,89.3962173461914,brier,0.15344620678423515,0.16652488145381195,0.013078674669576795,0.013404843533382416,-0.0031432879884875768,0.03084406429128374,0.023936509213069675,0.122,0.15355012178883876,0.13421569604532083,0.1725320196637672,0.01297475966497319,0.908,0.18581418581418582,0.4094488188976378,0.37475196850393705,0.3742857142857143,254,350,ood,hoptimus
ood_attention_hoptimus,0.8,0.7257142857142858,-0.07428571428571429,89.3962173461914,ece,0.11978641100714282,0.1374615036427455,0.017675092635602685,0.021480687076676025,-0.0002471519016211223,0.04375611998144371,0.03154528046757233,0.054,0.12435846275794649,0.10246983319441888,0.1462869748869191,0.013103040884799022,0.851,0.2997002997002997,0.4094488188976378,0.37475196850393705,0.3742857142857143,254,350,ood,hoptimus
ood_attention_hoptimus,0.8,0.7257142857142858,-0.07428571428571429,89.3962173461914,cal_gap,0.08989143235920766,0.0933453285956996,0.003453896236491949,0.0029999290891142083,-0.019740978305022524,0.024972406230700576,0.03225029008509378,0.802,0.08987961100499656,0.06526475900941084,0.11315754154478871,0.003465717590703049,0.613,0.7752247752247752,0.4094488188976378,0.37475196850393705,0.3742857142857143,254,350,ood,hoptimus
ood_attention_hoptimus,0.8,0.7257142857142858,-0.07428571428571429,89.3962173461914,accuracy,0.7971428571428572,0.7834645669291339,-0.013678290213723243,-0.014173575464703568,-0.04069472497606472,0.010959635859471,0.036016007042628084,0.258,0.7970511811023623,0.7716535433070866,0.8228346456692913,-0.013586614173228373,0.119,0.3676323676323676,0.4094488188976378,0.37475196850393705,0.3742857142857143,254,350,ood,hoptimus
ood_attention_hoptimus,0.7,0.6171428571428571,-0.08285714285714285,86.41647872924804,auroc,0.8899578235560668,0.8624879797185069,-0.027469843837559904,-0.027820274419791693,-0.054453571890371345,-0.005335827249661191,0.033992980912340535,0.014,0.8898394474232314,0.865084425965721,0.9163345976388142,-0.02735146770472452,0.014,0.029970029970029972,0.4305555555555556,0.3733796296296296,0.3742857142857143,216,350,ood,hoptimus
ood_attention_hoptimus,0.7,0.6171428571428571,-0.08285714285714285,86.41647872924804,auprc,0.7806618290877523,0.7838219633296153,0.0031601342418630107,0.003924013999974526,-0.02493440443643416,0.03199439117207255,0.03980902366061596,0.758,0.7822243147615613,0.7210084510686409,0.8428087038751977,0.0015976485680539998,0.535,0.9310689310689311,0.4305555555555556,0.3733796296296296,0.3742857142857143,216,350,ood,hoptimus
ood_attention_hoptimus,0.7,0.6171428571428571,-0.08285714285714285,86.41647872924804,bss,0.3447955547049807,0.22340458936276453,-0.12139096534221616,-0.12447609746810005,-0.22258967293496873,-0.040753285410273295,0.12957618098586673,0.006,0.34155769650273077,0.23596235864262918,0.4519909160206597,-0.11815310713996624,0.012,0.025974025974025976,0.4305555555555556,0.3733796296296296,0.3742857142857143,216,350,ood,hoptimus
ood_attention_hoptimus,0.7,0.6171428571428571,-0.08285714285714285,86.41647872924804,balanced_accuracy,0.8041583882324236,0.7676370312090217,-0.03652135702340187,-0.03711996422426775,-0.06943894874938097,-0.007602810910406115,0.045187561846758185,0.008,0.8038308531590083,0.7727401331506023,0.8360071677688197,-0.03619382194998655,0.012,0.025974025974025976,0.4305555555555556,0.3733796296296296,0.3742857142857143,216,350,ood,hoptimus
ood_attention_hoptimus,0.7,0.6171428571428571,-0.08285714285714285,86.41647872924804,sensitivity,0.8320610687022901,0.8279569892473119,-0.00410407945497826,-0.005302230275134427,-0.04652329013021784,0.03549621065361089,0.058668841405410795,0.806,0.8317466844890744,0.7831054989187519,0.8831543456543456,-0.0037896952417625362,0.446,0.8931068931068931,0.4305555555555556,0.3733796296296296,0.3742857142857143,216,350,ood,hoptimus
ood_attention_hoptimus,0.7,0.6171428571428571,-0.08285714285714285,86.41647872924804,specificity,0.776255707762557,0.7073170731707317,-0.06893863459182537,-0.06893769817340106,-0.11916226507316523,-0.02396809039078899,0.06917709934476521,0.006,0.7759150218289421,0.7318840579710145,0.8168120020059063,-0.06859794865821045,0.001,0.003996003996003996,0.4305555555555556,0.3733796296296296,0.3742857142857143,216,350,ood,hoptimus
ood_attention_hoptimus,0.7,0.6171428571428571,-0.08285714285714285,86.41647872924804,ppv,0.689873417721519,0.6814159292035398,-0.008457488517979228,-0.008355992122269158,-0.0533714385973647,0.035090199009891916,0.06439370434366033,0.7,0.6886476121140104,0.6353966346153845,0.7422680412371134,-0.007231682910470605,0.412,0.8251748251748252,0.4305555555555556,0.3733796296296296,0.3742857142857143,216,350,ood,hoptimus
ood_attention_hoptimus,0.7,0.6171428571428571,-0.08285714285714285,86.41647872924804,npv,0.8854166666666666,0.8446601941747572,-0.04075647249190939,-0.04188190366138008,-0.08762436849159709,-0.003027434063737831,0.05861161431252441,0.038,0.8855693207432233,0.8518365472910927,0.9196428571428571,-0.040909126568466014,0.007,0.015984015984015984,0.4305555555555556,0.3733796296296296,0.3742857142857143,216,350,ood,hoptimus
ood_attention_hoptimus,0.7,0.6171428571428571,-0.08285714285714285,86.41647872924804,f1,0.754325259515571,0.7475728155339806,-0.006752443981590361,-0.007447530356311454,-0.04419027527086984,0.026980029203977594,0.05118702558677602,0.752,0.7530820889540057,0.7092912864292023,0.7934825741890958,-0.0055092734200251625,0.394,0.7892107892107892,0.4305555555555556,0.3733796296296296,0.3742857142857143,216,350,ood,hoptimus
ood_attention_hoptimus,0.7,0.6171428571428571,-0.08285714285714285,86.41647872924804,brier,0.15344620678423515,0.19040369732251664,0.036957490538281484,0.03734074842096109,0.01562771071430414,0.061028962100688686,0.031850638820746874,0.0,0.15369296995527504,0.12991933294272326,0.17644350040773538,0.0367107273672416,1.0,0.001998001998001998,0.4305555555555556,0.3733796296296296,0.3742857142857143,216,350,ood,hoptimus
ood_attention_hoptimus,0.7,0.6171428571428571,-0.08285714285714285,86.41647872924804,ece,0.11978641100714282,0.16530305212250418,0.045516641115361356,0.050713171479762384,0.022628858651506604,0.07900749988718636,0.03993021410680288,0.0,0.12724796005888642,0.09862178410440987,0.15513845888730327,0.03805509206361776,0.997,0.007992007992007992,0.4305555555555556,0.3733796296296296,0.3742857142857143,216,350,ood,hoptimus
ood_attention_hoptimus,0.7,0.6171428571428571,-0.08285714285714285,86.41647872924804,cal_gap,0.08989143235920766,0.11123320615998067,0.021341773800773012,0.020858530738317786,-0.006485805109079369,0.05027831028900342,0.041205422143010796,0.158,0.09048634074650005,0.06011533226654436,0.12390607342399901,0.020746865413480614,0.913,0.17582417582417584,0.4305555555555556,0.3733796296296296,0.3742857142857143,216,350,ood,hoptimus
ood_attention_hoptimus,0.7,0.6171428571428571,-0.08285714285714285,86.41647872924804,accuracy,0.7971428571428572,0.7592592592592593,-0.03788359788359785,-0.03829425146815137,-0.07266269841269839,-0.008596985583224082,0.046185772321987416,0.016,0.7967638888888889,0.7638888888888888,0.8287037037037037,-0.03750462962962964,0.007,0.025974025974025976,0.4305555555555556,0.3733796296296296,0.3742857142857143,216,350,ood,hoptimus
entropy_hoptimus,0.9,0.8514285714285714,-0.0485714285714286,0.564667807985556,auroc,0.8899578235560668,0.9102607031810571,0.020302879624990333,0.020310346305342293,0.009919246015028823,0.03215736738260219,0.016181336645450288,0.0,0.8901412049379808,0.8770296091094865,0.9045412796190555,0.02011949824307635,0.998,0.005994005994005994,0.37919463087248323,0.3742114093959732,0.3742857142857143,298,350,predictive,hoptimus
entropy_hoptimus,0.9,0.8514285714285714,-0.0485714285714286,0.564667807985556,auprc,0.7806618290877523,0.8025532475797468,0.021891418491994497,0.022199546183150027,0.011341901568796438,0.03566205904300798,0.017677915360596815,0.0,0.7817751118988181,0.7495363297596731,0.8194112800909706,0.020778135680928678,0.879,0.24375624375624375,0.37919463087248323,0.3742114093959732,0.3742857142857143,298,350,predictive,hoptimus
entropy_hoptimus,0.9,0.8514285714285714,-0.0485714285714286,0.564667807985556,bss,0.3447955547049807,0.43984914812448583,0.09505359341950514,0.09439534573481503,0.05524867264403596,0.13785668313704147,0.05942079294198982,0.0,0.34470788983755835,0.2899007789748634,0.40219239445388155,0.09514125828692749,1.0,0.001998001998001998,0.37919463087248323,0.3742114093959732,0.3742857142857143,298,350,predictive,hoptimus
entropy_hoptimus,0.9,0.8514285714285714,-0.0485714285714286,0.564667807985556,balanced_accuracy,0.8041583882324236,0.8638603204974886,0.05970193226506504,0.05952656246332802,0.033467179847651,0.08678673923292393,0.03779422622414664,0.0,0.8043631713864003,0.7879714320065108,0.8227756286266925,0.05949714911108828,1.0,0.001998001998001998,0.37919463087248323,0.3742114093959732,0.3742857142857143,298,350,predictive,hoptimus
entropy_hoptimus,0.9,0.8514285714285714,-0.0485714285714286,0.564667807985556,sensitivity,0.8320610687022901,0.911504424778761,0.0794433560764709,0.0789390856226885,0.03776523631593066,0.12605054524516018,0.0635721871915224,0.0,0.8323059140589959,0.808695652173913,0.8611111111111112,0.07919851071976514,1.0,0.001998001998001998,0.37919463087248323,0.3742114093959732,0.3742857142857143,298,350,predictive,hoptimus
entropy_hoptimus,0.9,0.8514285714285714,-0.0485714285714286,0.564667807985556,specificity,0.776255707762557,0.8162162162162162,0.03996050845365917,0.04011403930396753,0.011840119186073814,0.07112880394828265,0.04242858745569412,0.004,0.7764204287138048,0.7553191489361702,0.798941798941799,0.03979578750241142,0.999,0.003996003996003996,0.37919463087248323,0.3742114093959732,0.3742857142857143,298,350,predictive,hoptimus
entropy_hoptimus,0.9,0.8514285714285714,-0.0485714285714286,0.564667807985556,ppv,0.689873417721519,0.7518248175182481,0.061951399796729145,0.0620309860246527,0.02534909323164444,0.10088431643071567,0.05272423114164305,0.0,0.6900196602906492,0.6616541353383458,0.7197045454545454,0.06180515722759894,1.0,0.001998001998001998,0.37919463087248323,0.3742114093959732,0.3742857142857143,298,350,predictive,hoptimus
entropy_hoptimus,0.9,0.8514285714285714,-0.0485714285714286,0.564667807985556,npv,0.8854166666666666,0.937888198757764,0.05247153209109734,0.05216667462718227,0.02294559396687192,0.08599196454064643,0.04611488766347608,0.0,0.8856168621795414,0.8679245283018868,0.906832298136646,0.05227133657822258,1.0,0.001998001998001998,0.37919463087248323,0.3742114093959732,0.3742857142857143,298,350,predictive,hoptimus
entropy_hoptimus,0.9,0.8514285714285714,-0.0485714285714286,0.564667807985556,f1,0.754325259515571,0.824,0.06967474048442901,0.0695752160854537,0.04072700658405473,0.10169134415942013,0.04155389883084681,0.0,0.7543960150255058,0.7310924369747899,0.7777777777777778,0.06960398497449416,1.0,0.001998001998001998,0.37919463087248323,0.3742114093959732,0.3742857142857143,298,350,predictive,hoptimus
entropy_hoptimus,0.9,0.8514285714285714,-0.0485714285714286,0.564667807985556,brier,0.15344620678423515,0.13186290660845934,-0.02158330017577581,-0.021413576022267237,-0.031210135369269608,-0.01264729759409261,0.013133239996742513,0.0,0.15335218970809705,0.14045076835431913,0.1652591953954884,-0.021489283099637713,0.001,0.003996003996003996,0.37919463087248323,0.3742114093959732,0.3742857142857143,298,350,predictive,hoptimus
entropy_hoptimus,0.9,0.8514285714285714,-0.0485714285714286,0.564667807985556,ece,0.11978641100714282,0.11648770316056445,-0.003298707846578375,-0.010912546165756733,-0.02918260132399012,0.00453119159687105,0.023886170073753817,0.19,0.121941917231379,0.10629603978745857,0.1370572166351617,-0.0054542140708145476,0.25,0.5014985014985015,0.37919463087248323,0.3742114093959732,0.3742857142857143,298,350,predictive,hoptimus
entropy_hoptimus,0.9,0.8514285714285714,-0.0485714285714286,0.564667807985556,cal_gap,0.08989143235920766,0.08137615105728485,-0.008515281301922806,-0.00866021984219674,-0.02997665839720119,0.012939816801728463,0.03086457373468212,0.428,0.090006512349214,0.07290831876973072,0.10543209741186461,-0.00863036129192915,0.168,0.33766233766233766,0.37919463087248323,0.3742114093959732,0.3742857142857143,298,350,predictive,hoptimus
entropy_hoptimus,0.9,0.8514285714285714,-0.0485714285714286,0.564667807985556,accuracy,0.7971428571428572,0.8523489932885906,0.05520613614573344,0.05511562542616721,0.031367612737387654,0.07964437689969601,0.034968170360980766,0.0,0.7973221476510066,0.7818791946308725,0.8154362416107382,0.055026845637583977,1.0,0.001998001998001998,0.37919463087248323,0.3742114093959732,0.3742857142857143,298,350,predictive,hoptimus
entropy_hoptimus,0.8,0.6885714285714286,-0.11142857142857143,0.26385605127804523,auroc,0.8899578235560668,0.9281089036055924,0.03815108004952561,0.03842961123596207,0.020069012131591412,0.05909827682976066,0.028604342263317383,0.0,0.8899206060608569,0.8686364971798543,0.9115870373434068,0.03818829754473552,1.0,0.001998001998001998,0.37344398340248963,0.3743526970954357,0.3742857142857143,241,350,predictive,hoptimus
entropy_hoptimus,0.8,0.6885714285714286,-0.11142857142857143,0.26385605127804523,auprc,0.7806618290877523,0.8198254529455657,0.03916362385781347,0.04024165808705152,0.013768840151982582,0.06796430558991835,0.03839728870440141,0.006,0.7818244151959475,0.7322417542362765,0.8399172804628251,0.03800103774961827,0.905,0.1918081918081918,0.37344398340248963,0.3743526970954357,0.3742857142857143,241,350,predictive,hoptimus
entropy_hoptimus,0.8,0.6885714285714286,-0.11142857142857143,0.26385605127804523,bss,0.3447955547049807,0.5528244299869208,0.20802887528194014,0.20811952040627382,0.12075517924908763,0.30178298259967523,0.12910045087487418,0.0,0.3437306899305513,0.2531666778107614,0.4382225344876422,0.20909374005636955,1.0,0.001998001998001998,0.37344398340248963,0.3743526970954357,0.3742857142857143,241,350,predictive,hoptimus
entropy_hoptimus,0.8,0.6885714285714286,-0.11142857142857143,0.26385605127804523,balanced_accuracy,0.8041583882324236,0.9049300956585725,0.10077170742614894,0.10106390983135187,0.06513283224385318,0.13839174200934587,0.05090221551817412,0.0,0.8043246120789681,0.7771758264610458,0.8327322209236895,0.10060548357960442,1.0,0.001998001998001998,0.37344398340248963,0.3743526970954357,0.3742857142857143,241,350,predictive,hoptimus
entropy_hoptimus,0.8,0.6885714285714286,-0.11142857142857143,0.26385605127804523,sensitivity,0.8320610687022901,0.9555555555555556,0.12349448685326547,0.12365062582879642,0.06993978102189781,0.18546993954321545,0.0813407348878746,0.0,0.8322482624216346,0.7894590643274854,0.879540990047145,0.12330729313392097,1.0,0.001998001998001998,0.37344398340248963,0.3743526970954357,0.3742857142857143,241,350,predictive,hoptimus
entropy_hoptimus,0.8,0.6885714285714286,-0.11142857142857143,0.26385605127804523,specificity,0.776255707762557,0.8543046357615894,0.0780489279990324,0.0784771938339073,0.03710941729890779,0.12393569052470624,0.06280191746657085,0.0,0.7764009617363019,0.7417162229130063,0.8145820103420122,0.07790367402528753,1.0,0.001998001998001998,0.37344398340248963,0.3743526970954357,0.3742857142857143,241,350,predictive,hoptimus
entropy_hoptimus,0.8,0.6885714285714286,-0.11142857142857143,0.26385605127804523,ppv,0.689873417721519,0.7962962962962963,0.10642287857477728,0.10671605296131598,0.05556821075086912,0.1656098650954476,0.08128805272660232,0.0,0.690137152257902,0.6442307692307693,0.7407490079365079,0.10615914403839433,1.0,0.001998001998001998,0.37344398340248963,0.3743526970954357,0.3742857142857143,241,350,predictive,hoptimus
entropy_hoptimus,0.8,0.6885714285714286,-0.11142857142857143,0.26385605127804523,npv,0.8854166666666666,0.9699248120300752,0.08450814536340856,0.08464221780025281,0.04507738452614306,0.1279697779922623,0.05800946313487439,0.0,0.8855022100744474,0.8560606060606061,0.9172932330827067,0.08442260195562779,1.0,0.001998001998001998,0.37344398340248963,0.3743526970954357,0.3742857142857143,241,350,predictive,hoptimus
entropy_hoptimus,0.8,0.6885714285714286,-0.11142857142857143,0.26385605127804523,f1,0.754325259515571,0.8686868686868687,0.11436160917129778,0.11465648318032026,0.07501339575724798,0.15857923420748984,0.06059218966908761,0.0,0.754248108678194,0.719567597153804,0.7920839910077965,0.1144387600086747,1.0,0.001998001998001998,0.37344398340248963,0.3743526970954357,0.3742857142857143,241,350,predictive,hoptimus
entropy_hoptimus,0.8,0.6885714285714286,-0.11142857142857143,0.26385605127804523,brier,0.15344620678423515,0.10463173837361178,-0.04881446841062337,-0.04888344261669501,-0.06981610707965531,-0.029416941793957964,0.02906684003162834,0.0,0.15343517572107526,0.13350848194823814,0.1728531393551934,-0.04880343734746348,0.0,0.001998001998001998,0.37344398340248963,0.3743526970954357,0.3742857142857143,241,350,predictive,hoptimus
entropy_hoptimus,0.8,0.6885714285714286,-0.11142857142857143,0.26385605127804523,ece,0.11978641100714282,0.09492318714705358,-0.02486322386008924,-0.03387984353699638,-0.06155134440987694,-0.009133570413749188,0.03751169978902434,0.004,0.12512076519972634,0.09938864399947038,0.14924786586608316,-0.030197578052672758,0.01,0.02197802197802198,0.37344398340248963,0.3743526970954357,0.3742857142857143,241,350,predictive,hoptimus
entropy_hoptimus,0.8,0.6885714285714286,-0.11142857142857143,0.26385605127804523,cal_gap,0.08989143235920766,0.07923900284310481,-0.010652429516102846,-0.01065563675268082,-0.04222078124218343,0.02100147189584028,0.04604311198982246,0.52,0.08991057961344884,0.06247298465209025,0.11761325007632936,-0.010671576770344027,0.216,0.43356643356643354,0.37344398340248963,0.3743526970954357,0.3742857142857143,241,350,predictive,hoptimus
entropy_hoptimus,0.8,0.6885714285714286,-0.11142857142857143,0.26385605127804523,accuracy,0.7971428571428572,0.8921161825726142,0.094973325429757,0.0952463120640509,0.06258555522356585,0.12967212468725034,0.049348739908640034,0.0,0.7972821576763487,0.7717842323651453,0.8257261410788381,0.09483402489626547,1.0,0.001998001998001998,0.37344398340248963,0.3743526970954357,0.3742857142857143,241,350,predictive,hoptimus
entropy_hoptimus,0.7,0.6285714285714286,-0.0714285714285714,0.17758263520210393,auroc,0.8899578235560668,0.9295343137254902,0.03957649016942344,0.03990622832803756,0.017798387464527853,0.06367332763172842,0.03357282232532245,0.0,0.8904562650199289,0.8641527117045165,0.914878728934782,0.03907804870556131,0.998,0.005994005994005994,0.38181818181818183,0.37322727272727274,0.3742857142857143,220,350,predictive,hoptimus
entropy_hoptimus,0.7,0.6285714285714286,-0.0714285714285714,0.17758263520210393,auprc,0.7806618290877523,0.8241127334355306,0.04345090434777832,0.04475962593700648,0.013841217975337694,0.07725944149358517,0.04451656115469753,0.008,0.7825732520304309,0.720638584489606,0.8495334550490736,0.041539481405099665,0.9,0.2017982017982018,0.38181818181818183,0.37322727272727274,0.3742857142857143,220,350,predictive,hoptimus
entropy_hoptimus,0.7,0.6285714285714286,-0.0714285714285714,0.17758263520210393,bss,0.3447955547049807,0.6017431074849,0.2569475527799193,0.2573549391480781,0.1541187964914726,0.36330828318064795,0.15215111844849857,0.0,0.3442026115234238,0.2312331358897987,0.44931145069221823,0.2575404959614762,1.0,0.001998001998001998,0.38181818181818183,0.37322727272727274,0.3742857142857143,220,350,predictive,hoptimus
entropy_hoptimus,0.7,0.6285714285714286,-0.0714285714285714,0.17758263520210393,balanced_accuracy,0.8041583882324236,0.9182422969187676,0.114083908686344,0.11447876774383509,0.07924115319878418,0.15492577465667606,0.05339060504843765,0.0,0.8048791414776272,0.7718954248366012,0.837590266141423,0.1133631554411404,1.0,0.001998001998001998,0.38181818181818183,0.37322727272727274,0.3742857142857143,220,350,predictive,hoptimus
entropy_hoptimus,0.7,0.6285714285714286,-0.0714285714285714,0.17758263520210393,sensitivity,0.8320610687022901,0.9761904761904762,0.14412940748818603,0.1444866931072039,0.08871886624518739,0.2079574122817363,0.0840388643080461,0.0,0.8324980182523426,0.7837675024422013,0.8837432915921288,0.14369245793813357,1.0,0.001998001998001998,0.38181818181818183,0.37322727272727274,0.3742857142857143,220,350,predictive,hoptimus
entropy_hoptimus,0.7,0.6285714285714286,-0.0714285714285714,0.17758263520210393,specificity,0.776255707762557,0.8602941176470589,0.08403840988450184,0.08447084238046626,0.037834383139716564,0.13435852491648517,0.06847812207935376,0.0,0.7772602647029119,0.7352829768270945,0.819563747498242,0.083033852944147,0.999,0.003996003996003996,0.38181818181818183,0.37322727272727274,0.3742857142857143,220,350,predictive,hoptimus
entropy_hoptimus,0.7,0.6285714285714286,-0.0714285714285714,0.17758263520210393,ppv,0.689873417721519,0.8118811881188119,0.12200777039729294,0.122343117287862,0.06468868511999873,0.18505209842807657,0.08774021087159538,0.0,0.6898959374429698,0.6336633663366337,0.7449029611844739,0.1219852506758421,1.0,0.001998001998001998,0.38181818181818183,0.37322727272727274,0.3742857142857143,220,350,predictive,hoptimus
entropy_hoptimus,0.7,0.6285714285714286,-0.0714285714285714,0.17758263520210393,npv,0.8854166666666666,0.9831932773109243,0.09777661064425769,0.09801770108854138,0.0574711066254651,0.1415313133055068,0.059912341887388976,0.0,0.8862322618765345,0.8524590163934426,0.9210697940503432,0.09696101543438984,1.0,0.001998001998001998,0.38181818181818183,0.37322727272727274,0.3742857142857143,220,350,predictive,hoptimus
entropy_hoptimus,0.7,0.6285714285714286,-0.0714285714285714,0.17758263520210393,f1,0.754325259515571,0.8864864864864865,0.1321612269709156,0.13259637515966288,0.08999500016850544,0.1813764305566699,0.06439829674223915,0.0,0.7541064838421787,0.7089841269841269,0.7956989247311828,0.13238000264430783,1.0,0.001998001998001998,0.38181818181818183,0.37322727272727274,0.3742857142857143,220,350,predictive,hoptimus
entropy_hoptimus,0.7,0.6285714285714286,-0.0714285714285714,0.17758263520210393,brier,0.15344620678423515,0.09400179215067156,-0.05944441463356359,-0.05957099536979253,-0.0834918060557388,-0.0360290078611071,0.034686583201478285,0.0,0.15301609446916156,0.13028501222232344,0.17710116779663257,-0.05901430231849,0.0,0.001998001998001998,0.38181818181818183,0.37322727272727274,0.3742857142857143,220,350,predictive,hoptimus
entropy_hoptimus,0.7,0.6285714285714286,-0.0714285714285714,0.17758263520210393,ece,0.11978641100714282,0.08661210654569332,-0.033174304461449505,-0.040998271170647,-0.07363981593785167,-0.014102195502390105,0.0426515276639359,0.002,0.12623148262854975,0.09806129903446742,0.15524252263261254,-0.03961937608285643,0.001,0.003996003996003996,0.38181818181818183,0.37322727272727274,0.3742857142857143,220,350,predictive,hoptimus
entropy_hoptimus,0.7,0.6285714285714286,-0.0714285714285714,0.17758263520210393,cal_gap,0.08989143235920766,0.08039978028940492,-0.009491652069802736,-0.009449378761354772,-0.04233596916780325,0.02679758344315302,0.04994675442472017,0.572,0.0902233061467847,0.058424220220967986,0.12190842800778472,-0.009823525857379778,0.266,0.5334665334665335,0.38181818181818183,0.37322727272727274,0.3742857142857143,220,350,predictive,hoptimus
entropy_hoptimus,0.7,0.6285714285714286,-0.0714285714285714,0.17758263520210393,accuracy,0.7971428571428572,0.9045454545454545,0.10740259740259739,0.10774871992281265,0.07299992739359121,0.1453063361663163,0.05240311853428191,0.0,0.7978363636363637,0.7680681818181818,0.8318181818181818,0.10670909090909086,1.0,0.001998001998001998,0.38181818181818183,0.37322727272727274,0.3742857142857143,220,350,predictive,hoptimus
