signal,target_coverage,achieved_coverage,coverage_shift,calibration_cutoff,n_retained_errors,pct_retained_errors_confidently_wrong,metric,full,retained,delta_vs_full,random_mean,random_lo,random_hi,delta_vs_random,pct_in_random,p_raw,retained_prev,random_prev,full_prev,n_retained,n_evaluation,family,predictor
de_aleatoric_hoptimus,0.9,0.868995633187773,-0.03100436681222707,0.5446444271379548,63,68.25396825396825,auroc,0.9275186567164179,0.943702804746494,0.016184148030076173,0.9273768267224827,0.9201521623755101,0.9357580019256754,0.016325978024011367,1.0,0.001998001998001998,0.4824120603015075,0.5126532663316583,0.512372634643377,597,687,deep_ensemble,hoptimus
de_aleatoric_hoptimus,0.9,0.868995633187773,-0.03100436681222707,0.5446444271379548,63,68.25396825396825,auprc,0.923102598678537,0.9360889454572522,0.012986346778715241,0.9230692058596747,0.9141790215409309,0.9337234954540021,0.013019739597577518,0.993,0.015984015984015984,0.4824120603015075,0.5126532663316583,0.512372634643377,597,687,deep_ensemble,hoptimus
de_aleatoric_hoptimus,0.9,0.868995633187773,-0.03100436681222707,0.5446444271379548,63,68.25396825396825,bss,0.5376353986904567,0.6365217787866067,0.09888638009614992,0.5367782873689498,0.5117703620533585,0.5668033495687392,0.09974349141765682,1.0,0.001998001998001998,0.4824120603015075,0.5126532663316583,0.512372634643377,597,687,deep_ensemble,hoptimus
de_aleatoric_hoptimus,0.9,0.868995633187773,-0.03100436681222707,0.5446444271379548,63,68.25396825396825,balanced_accuracy,0.8641494233378562,0.8939286677454152,0.02977924440755908,0.8639449567970462,0.8540503008584761,0.8741828308076128,0.029983710948369047,1.0,0.001998001998001998,0.4824120603015075,0.5126532663316583,0.512372634643377,597,687,deep_ensemble,hoptimus
de_aleatoric_hoptimus,0.9,0.868995633187773,-0.03100436681222707,0.5446444271379548,63,68.25396825396825,sensitivity,0.8835227272727273,0.8784722222222222,-0.005050505050505083,0.8832561548337846,0.8717105263157895,0.8973509933774835,-0.004783932611562403,0.248,0.4975024975024975,0.4824120603015075,0.5126532663316583,0.512372634643377,597,687,deep_ensemble,hoptimus
de_aleatoric_hoptimus,0.9,0.868995633187773,-0.03100436681222707,0.5446444271379548,63,68.25396825396825,specificity,0.844776119402985,0.9093851132686084,0.06460899386562335,0.8446337587603079,0.8298592641843973,0.8611135824436537,0.0647513545083005,1.0,0.001998001998001998,0.4824120603015075,0.5126532663316583,0.512372634643377,597,687,deep_ensemble,hoptimus
de_aleatoric_hoptimus,0.9,0.868995633187773,-0.03100436681222707,0.5446444271379548,63,68.25396825396825,ppv,0.8567493112947658,0.900355871886121,0.04360656059135515,0.8567314517827861,0.8436432652381597,0.8718832368210863,0.04362442010333489,1.0,0.001998001998001998,0.4824120603015075,0.5126532663316583,0.512372634643377,597,687,deep_ensemble,hoptimus
de_aleatoric_hoptimus,0.9,0.868995633187773,-0.03100436681222707,0.5446444271379548,63,68.25396825396825,npv,0.8734567901234568,0.8892405063291139,0.015783716205657106,0.8730609853292758,0.8602150537634409,0.8884992006394884,0.016179520999838104,0.977,0.04795204795204795,0.4824120603015075,0.5126532663316583,0.512372634643377,597,687,deep_ensemble,hoptimus
de_aleatoric_hoptimus,0.9,0.868995633187773,-0.03100436681222707,0.5446444271379548,63,68.25396825396825,f1,0.8699300699300699,0.8892794376098418,0.01934936767977191,0.869765534412375,0.8599026123880735,0.8800031545741325,0.01951390319746682,0.999,0.003996003996003996,0.4824120603015075,0.5126532663316583,0.512372634643377,597,687,deep_ensemble,hoptimus
de_aleatoric_hoptimus,0.9,0.868995633187773,-0.03100436681222707,0.5446444271379548,63,68.25396825396825,brier,0.11552037058879151,0.0907571185414013,-0.024763252047390216,0.11570384680814562,0.10827416886423931,0.12186403512150645,-0.024946728266744322,0.0,0.001998001998001998,0.4824120603015075,0.5126532663316583,0.512372634643377,597,687,deep_ensemble,hoptimus
de_aleatoric_hoptimus,0.9,0.868995633187773,-0.03100436681222707,0.5446444271379548,63,68.25396825396825,ece,0.07853650209908324,0.05586833192976579,-0.022668170169317443,0.07925954589064516,0.0690177529719014,0.08865606349973204,-0.023391213960879363,0.0,0.001998001998001998,0.4824120603015075,0.5126532663316583,0.512372634643377,597,687,deep_ensemble,hoptimus
de_aleatoric_hoptimus,0.9,0.868995633187773,-0.03100436681222707,0.5446444271379548,63,68.25396825396825,cal_gap,-0.06477916370024744,-0.03847109045572866,0.02630807324451878,-0.06499522096662491,-0.07454203685255827,-0.05478624595225713,0.02652413051089625,1.0,0.001998001998001998,0.4824120603015075,0.5126532663316583,0.512372634643377,597,687,deep_ensemble,hoptimus
de_aleatoric_hoptimus,0.9,0.868995633187773,-0.03100436681222707,0.5446444271379548,63,68.25396825396825,accuracy,0.8646288209606987,0.8944723618090452,0.029843540848346506,0.864430485762144,0.8542713567839196,0.8743718592964824,0.030041876046901228,1.0,0.001998001998001998,0.4824120603015075,0.5126532663316583,0.512372634643377,597,687,deep_ensemble,hoptimus
de_aleatoric_hoptimus,0.8,0.7816593886462883,-0.01834061135371179,0.46449492574671886,47,87.23404255319149,auroc,0.9275186567164179,0.9504473022085547,0.0229286454921368,0.9275095991316523,0.9179157681636455,0.9386799389567148,0.02293770307690235,1.0,0.001998001998001998,0.45623836126629425,0.5126703910614526,0.512372634643377,537,687,deep_ensemble,hoptimus
de_aleatoric_hoptimus,0.8,0.7816593886462883,-0.01834061135371179,0.46449492574671886,47,87.23404255319149,auprc,0.923102598678537,0.9415237371160475,0.018421138437510587,0.9233367699373026,0.910417462848519,0.9381310213824654,0.018186967178744906,0.99,0.02197802197802198,0.45623836126629425,0.5126703910614526,0.512372634643377,537,687,deep_ensemble,hoptimus
de_aleatoric_hoptimus,0.8,0.7816593886462883,-0.01834061135371179,0.46449492574671886,47,87.23404255319149,bss,0.5376353986904567,0.6973454379898458,0.1597100392993891,0.5371428498927807,0.5003230080404248,0.5779079746196408,0.1602025880970651,1.0,0.001998001998001998,0.45623836126629425,0.5126703910614526,0.512372634643377,537,687,deep_ensemble,hoptimus
de_aleatoric_hoptimus,0.8,0.7816593886462883,-0.01834061135371179,0.46449492574671886,47,87.23404255319149,balanced_accuracy,0.8641494233378562,0.910979871400615,0.04683044806275882,0.8642326454336323,0.8515131614581314,0.8786731756381799,0.046747225966982664,1.0,0.001998001998001998,0.45623836126629425,0.5126703910614526,0.512372634643377,537,687,deep_ensemble,hoptimus
de_aleatoric_hoptimus,0.8,0.7816593886462883,-0.01834061135371179,0.46449492574671886,47,87.23404255319149,sensitivity,0.8835227272727273,0.8938775510204081,0.01035482374768082,0.8833331991937194,0.8673778915208507,0.9025294419881285,0.01054435182668867,0.881,0.23976023976023977,0.45623836126629425,0.5126703910614526,0.512372634643377,537,687,deep_ensemble,hoptimus
de_aleatoric_hoptimus,0.8,0.7816593886462883,-0.01834061135371179,0.46449492574671886,47,87.23404255319149,specificity,0.844776119402985,0.928082191780822,0.08330607237783694,0.8451320916735455,0.8260829307568438,0.866183395291202,0.08295010010727644,1.0,0.001998001998001998,0.45623836126629425,0.5126703910614526,0.512372634643377,537,687,deep_ensemble,hoptimus
de_aleatoric_hoptimus,0.8,0.7816593886462883,-0.01834061135371179,0.46449492574671886,47,87.23404255319149,ppv,0.8567493112947658,0.9125,0.05575068870523414,0.8571637489473867,0.8398576512455516,0.8763250883392226,0.055336251052613306,1.0,0.001998001998001998,0.45623836126629425,0.5126703910614526,0.512372634643377,537,687,deep_ensemble,hoptimus
de_aleatoric_hoptimus,0.8,0.7816593886462883,-0.01834061135371179,0.46449492574671886,47,87.23404255319149,npv,0.8734567901234568,0.9124579124579124,0.03900112233445563,0.8731862245523568,0.8543307086614174,0.8937159912937711,0.039271687905555575,1.0,0.001998001998001998,0.45623836126629425,0.5126703910614526,0.512372634643377,537,687,deep_ensemble,hoptimus
de_aleatoric_hoptimus,0.8,0.7816593886462883,-0.01834061135371179,0.46449492574671886,47,87.23404255319149,f1,0.8699300699300699,0.9030927835051547,0.03316271357508471,0.8700066735194829,0.8571428571428571,0.8837331701346389,0.03308610998567174,1.0,0.001998001998001998,0.45623836126629425,0.5126703910614526,0.512372634643377,537,687,deep_ensemble,hoptimus
de_aleatoric_hoptimus,0.8,0.7816593886462883,-0.01834061135371179,0.46449492574671886,47,87.23404255319149,brier,0.11552037058879151,0.07508403249380631,-0.0404363380949852,0.1155915632248863,0.10552174696660609,0.12476508065798583,-0.04050753073107999,0.0,0.001998001998001998,0.45623836126629425,0.5126703910614526,0.512372634643377,537,687,deep_ensemble,hoptimus
de_aleatoric_hoptimus,0.8,0.7816593886462883,-0.01834061135371179,0.46449492574671886,47,87.23404255319149,ece,0.07853650209908324,0.04339066128877128,-0.035145840810311954,0.07981771756462583,0.06622036689014456,0.09239508268676454,-0.03642705627585455,0.0,0.001998001998001998,0.45623836126629425,0.5126703910614526,0.512372634643377,537,687,deep_ensemble,hoptimus
de_aleatoric_hoptimus,0.8,0.7816593886462883,-0.01834061135371179,0.46449492574671886,47,87.23404255319149,cal_gap,-0.06477916370024744,-0.01896295197778397,0.045816211722463474,-0.06516380080194417,-0.07814584635225509,-0.05196639683343857,0.0462008488241602,1.0,0.001998001998001998,0.45623836126629425,0.5126703910614526,0.512372634643377,537,687,deep_ensemble,hoptimus
de_aleatoric_hoptimus,0.8,0.7816593886462883,-0.01834061135371179,0.46449492574671886,47,87.23404255319149,accuracy,0.8646288209606987,0.9124767225325885,0.047847901571889784,0.8647188081936685,0.8528398510242086,0.8789571694599627,0.04775791433891996,1.0,0.001998001998001998,0.45623836126629425,0.5126703910614526,0.512372634643377,537,687,deep_ensemble,hoptimus
de_aleatoric_hoptimus,0.7,0.6404657933042213,-0.05953420669577869,0.31154869767254584,26,100.0,auroc,0.9275186567164179,0.9600385978897024,0.032519941173284495,0.9272441135363115,0.912869146177171,0.942589309780017,0.03279448435339083,1.0,0.001998001998001998,0.43863636363636366,0.5138727272727274,0.512372634643377,440,687,deep_ensemble,hoptimus
de_aleatoric_hoptimus,0.7,0.6404657933042213,-0.05953420669577869,0.31154869767254584,26,100.0,auprc,0.923102598678537,0.952448890050003,0.02934629137146605,0.92322840403418,0.9033639201499679,0.94161833110685,0.029220486015822944,1.0,0.001998001998001998,0.43863636363636366,0.5138727272727274,0.512372634643377,440,687,deep_ensemble,hoptimus
de_aleatoric_hoptimus,0.7,0.6404657933042213,-0.05953420669577869,0.31154869767254584,26,100.0,bss,0.5376353986904567,0.7744647902130397,0.23682939152258298,0.5354981301828368,0.48509396947016414,0.5889939877197983,0.23896666003020295,1.0,0.001998001998001998,0.43863636363636366,0.5138727272727274,0.512372634643377,440,687,deep_ensemble,hoptimus
de_aleatoric_hoptimus,0.7,0.6404657933042213,-0.05953420669577869,0.31154869767254584,26,100.0,balanced_accuracy,0.8641494233378562,0.9388726898953241,0.07472326655746797,0.8636000564905498,0.8451512896825396,0.8830187023724462,0.0752726334047743,1.0,0.001998001998001998,0.43863636363636366,0.5138727272727274,0.512372634643377,440,687,deep_ensemble,hoptimus
de_aleatoric_hoptimus,0.7,0.6404657933042213,-0.05953420669577869,0.31154869767254584,26,100.0,sensitivity,0.8835227272727273,0.9222797927461139,0.03875706547338664,0.8826402564842522,0.8590294250536541,0.9074889867841409,0.039639536261861785,0.999,0.003996003996003996,0.43863636363636366,0.5138727272727274,0.512372634643377,440,687,deep_ensemble,hoptimus
de_aleatoric_hoptimus,0.7,0.6404657933042213,-0.05953420669577869,0.31154869767254584,26,100.0,specificity,0.844776119402985,0.9554655870445344,0.11068946764154941,0.8445598564968476,0.8151571002281902,0.8709677419354839,0.11090573054768682,1.0,0.001998001998001998,0.43863636363636366,0.5138727272727274,0.512372634643377,440,687,deep_ensemble,hoptimus
de_aleatoric_hoptimus,0.7,0.6404657933042213,-0.05953420669577869,0.31154869767254584,26,100.0,ppv,0.8567493112947658,0.9417989417989417,0.08504963050417591,0.8571645196407219,0.8297872340425532,0.8828451882845189,0.08463442215821981,1.0,0.001998001998001998,0.43863636363636366,0.5138727272727274,0.512372634643377,440,687,deep_ensemble,hoptimus
de_aleatoric_hoptimus,0.7,0.6404657933042213,-0.05953420669577869,0.31154869767254584,26,100.0,npv,0.8734567901234568,0.9402390438247012,0.06678225370124447,0.8719425282802374,0.84688995215311,0.8975609756097561,0.06829651554446381,1.0,0.001998001998001998,0.43863636363636366,0.5138727272727274,0.512372634643377,440,687,deep_ensemble,hoptimus
de_aleatoric_hoptimus,0.7,0.6404657933042213,-0.05953420669577869,0.31154869767254584,26,100.0,f1,0.8699300699300699,0.9319371727748691,0.062007102844799156,0.8696358567740622,0.8507707060323987,0.8893532712311893,0.062301316000806906,1.0,0.001998001998001998,0.43863636363636366,0.5138727272727274,0.512372634643377,440,687,deep_ensemble,hoptimus
de_aleatoric_hoptimus,0.7,0.6404657933042213,-0.05953420669577869,0.31154869767254584,26,100.0,brier,0.11552037058879151,0.055534550546250956,-0.05998582004254056,0.11594190123983097,0.10274259485394027,0.12856048805716935,-0.06040735069358002,0.0,0.001998001998001998,0.43863636363636366,0.5138727272727274,0.512372634643377,440,687,deep_ensemble,hoptimus
de_aleatoric_hoptimus,0.7,0.6404657933042213,-0.05953420669577869,0.31154869767254584,26,100.0,ece,0.07853650209908324,0.0362525835251594,-0.042283918573923836,0.08133993260555555,0.06469500359775907,0.09890405432686583,-0.045087349080396154,0.0,0.001998001998001998,0.43863636363636366,0.5138727272727274,0.512372634643377,440,687,deep_ensemble,hoptimus
de_aleatoric_hoptimus,0.7,0.6404657933042213,-0.05953420669577869,0.31154869767254584,26,100.0,cal_gap,-0.06477916370024744,-0.012091422866068235,0.05268774083417921,-0.06539092775905553,-0.0833855460966097,-0.04676635378400344,0.05329950489298729,1.0,0.001998001998001998,0.43863636363636366,0.5138727272727274,0.512372634643377,440,687,deep_ensemble,hoptimus
de_aleatoric_hoptimus,0.7,0.6404657933042213,-0.05953420669577869,0.31154869767254584,26,100.0,accuracy,0.8646288209606987,0.9409090909090909,0.07628026994839221,0.8641318181818183,0.8454545454545455,0.884090909090909,0.07677727272727264,1.0,0.001998001998001998,0.43863636363636366,0.5138727272727274,0.512372634643377,440,687,deep_ensemble,hoptimus
within_encoder_mi_hoptimus,0.9,0.9810771470160117,0.08107714701601165,0.15773265867024136,87,49.42528735632184,auroc,0.9275186567164179,0.9314215232809128,0.0039028665644949,0.9276215042875717,0.9256183216005399,0.930885203295009,0.0038000189933410367,0.989,0.023976023976023976,0.5118694362017804,0.5123219584569733,0.512372634643377,674,687,epistemic,hoptimus
within_encoder_mi_hoptimus,0.9,0.9810771470160117,0.08107714701601165,0.15773265867024136,87,49.42528735632184,auprc,0.923102598678537,0.9267450103499705,0.003642411671433532,0.9232258332974145,0.9206159601218374,0.9280242974584406,0.0035191770525559996,0.942,0.11788211788211789,0.5118694362017804,0.5123219584569733,0.512372634643377,674,687,epistemic,hoptimus
within_encoder_mi_hoptimus,0.9,0.9810771470160117,0.08107714701601165,0.15773265867024136,87,49.42528735632184,bss,0.5376353986904567,0.550243073708667,0.012607675018210251,0.5379838345711243,0.5297523236463946,0.5489400417822401,0.012259239137542677,0.985,0.03196803196803197,0.5118694362017804,0.5123219584569733,0.512372634643377,674,687,epistemic,hoptimus
within_encoder_mi_hoptimus,0.9,0.9810771470160117,0.08107714701601165,0.15773265867024136,87,49.42528735632184,balanced_accuracy,0.8641494233378562,0.8706708955552619,0.006521472217405733,0.8642596248431922,0.8614813607646293,0.867581695223411,0.0064112707120697054,0.999,0.003996003996003996,0.5118694362017804,0.5123219584569733,0.512372634643377,674,687,epistemic,hoptimus
within_encoder_mi_hoptimus,0.9,0.9810771470160117,0.08107714701601165,0.15773265867024136,87,49.42528735632184,sensitivity,0.8835227272727273,0.881159420289855,-0.0023633069828722375,0.8835987168099189,0.880466472303207,0.8892128279883382,-0.002439296520063805,0.101,0.3916083916083916,0.5118694362017804,0.5123219584569733,0.512372634643377,674,687,epistemic,hoptimus
within_encoder_mi_hoptimus,0.9,0.9810771470160117,0.08107714701601165,0.15773265867024136,87,49.42528735632184,specificity,0.844776119402985,0.8601823708206687,0.015406251417683703,0.8449205328764656,0.8409785932721713,0.851063829787234,0.015261837944203105,1.0,0.001998001998001998,0.5118694362017804,0.5123219584569733,0.512372634643377,674,687,epistemic,hoptimus
within_encoder_mi_hoptimus,0.9,0.9810771470160117,0.08107714701601165,0.15773265867024136,87,49.42528735632184,ppv,0.8567493112947658,0.8685714285714285,0.011822117276662714,0.856848584793696,0.8531073446327684,0.8623595505617978,0.011722843777732583,1.0,0.001998001998001998,0.5118694362017804,0.5123219584569733,0.512372634643377,674,687,epistemic,hoptimus
within_encoder_mi_hoptimus,0.9,0.9810771470160117,0.08107714701601165,0.15773265867024136,87,49.42528735632184,npv,0.8734567901234568,0.8734567901234568,0.0,0.8735697990389452,0.8698412698412699,0.879746835443038,-0.00011300891548837733,0.507,0.987012987012987,0.5118694362017804,0.5123219584569733,0.512372634643377,674,687,epistemic,hoptimus
within_encoder_mi_hoptimus,0.9,0.9810771470160117,0.08107714701601165,0.15773265867024136,87,49.42528735632184,f1,0.8699300699300699,0.874820143884892,0.004890073954822105,0.870014890357514,0.866571018651363,0.873758865248227,0.0048052535273780395,0.992,0.017982017982017984,0.5118694362017804,0.5123219584569733,0.512372634643377,674,687,epistemic,hoptimus
within_encoder_mi_hoptimus,0.9,0.9810771470160117,0.08107714701601165,0.15773265867024136,87,49.42528735632184,brier,0.11552037058879151,0.11237586823582527,-0.003144502352966247,0.11543043278980133,0.11269812635615352,0.11745375584873173,-0.003054564553976069,0.015,0.03196803196803197,0.5118694362017804,0.5123219584569733,0.512372634643377,674,687,epistemic,hoptimus
within_encoder_mi_hoptimus,0.9,0.9810771470160117,0.08107714701601165,0.15773265867024136,87,49.42528735632184,ece,0.07853650209908324,0.08002078078942162,0.0014842786903383892,0.07851846706914524,0.07490368644623542,0.08192258915975542,0.0015023137202763853,0.805,0.3916083916083916,0.5118694362017804,0.5123219584569733,0.512372634643377,674,687,epistemic,hoptimus
within_encoder_mi_hoptimus,0.9,0.9810771470160117,0.08107714701601165,0.15773265867024136,87,49.42528735632184,cal_gap,-0.06477916370024744,-0.06599809313363497,-0.0012189294333875278,-0.06478517808795806,-0.06841859590551186,-0.06104531868746667,-0.0012129150456769155,0.247,0.4955044955044955,0.5118694362017804,0.5123219584569733,0.512372634643377,674,687,epistemic,hoptimus
within_encoder_mi_hoptimus,0.9,0.9810771470160117,0.08107714701601165,0.15773265867024136,87,49.42528735632184,accuracy,0.8646288209606987,0.870919881305638,0.006291060344939314,0.8647359050445105,0.8620178041543026,0.8679525222551929,0.006183976261127544,0.995,0.011988011988011988,0.5118694362017804,0.5123219584569733,0.512372634643377,674,687,epistemic,hoptimus
within_encoder_mi_hoptimus,0.8,0.8442503639010189,0.044250363901018885,0.04984861286220661,64,60.9375,auroc,0.9275186567164179,0.9440288267649831,0.016510170048565254,0.9276491924374202,0.9197348059678416,0.9358227418464413,0.016379634327562953,0.999,0.003996003996003996,0.4706896551724138,0.5124810344827586,0.512372634643377,580,687,epistemic,hoptimus
within_encoder_mi_hoptimus,0.8,0.8442503639010189,0.044250363901018885,0.04984861286220661,64,60.9375,auprc,0.923102598678537,0.9353789832878845,0.012276384609347546,0.9233285689850493,0.912755326822893,0.9349627286785982,0.012050414302835155,0.978,0.04595404595404595,0.4706896551724138,0.5124810344827586,0.512372634643377,580,687,epistemic,hoptimus
within_encoder_mi_hoptimus,0.8,0.8442503639010189,0.044250363901018885,0.04984861286220661,64,60.9375,bss,0.5376353986904567,0.6188034590619125,0.08116806037145574,0.5377466271608482,0.5084623141379411,0.5672473349116794,0.08105683190106427,1.0,0.001998001998001998,0.4706896551724138,0.5124810344827586,0.512372634643377,580,687,epistemic,hoptimus
within_encoder_mi_hoptimus,0.8,0.8442503639010189,0.044250363901018885,0.04984861286220661,64,60.9375,balanced_accuracy,0.8641494233378562,0.8888690028755175,0.02471957953766135,0.864169444904045,0.8529212509016247,0.875577720016328,0.024699557971472497,1.0,0.001998001998001998,0.4706896551724138,0.5124810344827586,0.512372634643377,580,687,epistemic,hoptimus
within_encoder_mi_hoptimus,0.8,0.8442503639010189,0.044250363901018885,0.04984861286220661,64,60.9375,sensitivity,0.8835227272727273,0.8754578754578755,-0.008064851814851837,0.8832194860329947,0.8695652173913043,0.898700237670826,-0.00776161057511926,0.144,0.2897102897102897,0.4706896551724138,0.5124810344827586,0.512372634643377,580,687,epistemic,hoptimus
within_encoder_mi_hoptimus,0.8,0.8442503639010189,0.044250363901018885,0.04984861286220661,64,60.9375,specificity,0.844776119402985,0.9022801302931596,0.05750401089017454,0.8451194037750952,0.8297101449275363,0.8623188405797102,0.057160726518064364,1.0,0.001998001998001998,0.4706896551724138,0.5124810344827586,0.512372634643377,580,687,epistemic,hoptimus
within_encoder_mi_hoptimus,0.8,0.8442503639010189,0.044250363901018885,0.04984861286220661,64,60.9375,ppv,0.8567493112947658,0.8884758364312267,0.031726525136460904,0.8570385220042257,0.8421052631578947,0.8733344155844155,0.03143731442700104,1.0,0.001998001998001998,0.4706896551724138,0.5124810344827586,0.512372634643377,580,687,epistemic,hoptimus
within_encoder_mi_hoptimus,0.8,0.8442503639010189,0.044250363901018885,0.04984861286220661,64,60.9375,npv,0.8734567901234568,0.8906752411575563,0.01721845103409947,0.8731711420611844,0.8581818181818182,0.8897065813017222,0.01750409909637185,0.981,0.03996003996003996,0.4706896551724138,0.5124810344827586,0.512372634643377,580,687,epistemic,hoptimus
within_encoder_mi_hoptimus,0.8,0.8442503639010189,0.044250363901018885,0.04984861286220661,64,60.9375,f1,0.8699300699300699,0.8819188191881919,0.011988749258121989,0.8699027423781083,0.8585686410806551,0.8805242901750054,0.012016076810083653,0.982,0.03796203796203796,0.4706896551724138,0.5124810344827586,0.512372634643377,580,687,epistemic,hoptimus
within_encoder_mi_hoptimus,0.8,0.8442503639010189,0.044250363901018885,0.04984861286220661,64,60.9375,brier,0.11552037058879151,0.09497165069132596,-0.020548719897465553,0.11545864557605766,0.10808710422790353,0.12263839695259453,-0.0204869948847317,0.0,0.001998001998001998,0.4706896551724138,0.5124810344827586,0.512372634643377,580,687,epistemic,hoptimus
within_encoder_mi_hoptimus,0.8,0.8442503639010189,0.044250363901018885,0.04984861286220661,64,60.9375,ece,0.07853650209908324,0.06533012191736237,-0.013206380181720864,0.07941005257637825,0.06853323995144282,0.09014023508388197,-0.014079930659015874,0.003,0.007992007992007992,0.4706896551724138,0.5124810344827586,0.512372634643377,580,687,epistemic,hoptimus
within_encoder_mi_hoptimus,0.8,0.8442503639010189,0.044250363901018885,0.04984861286220661,64,60.9375,cal_gap,-0.06477916370024744,-0.04550303736563793,0.01927612633460951,-0.06508496852830917,-0.07573640900209919,-0.05390443458258623,0.019581931162671234,1.0,0.001998001998001998,0.4706896551724138,0.5124810344827586,0.512372634643377,580,687,epistemic,hoptimus
within_encoder_mi_hoptimus,0.8,0.8442503639010189,0.044250363901018885,0.04984861286220661,64,60.9375,accuracy,0.8646288209606987,0.8896551724137931,0.025026351453094398,0.8646499999999999,0.853448275862069,0.8758620689655172,0.025005172413793186,1.0,0.001998001998001998,0.4706896551724138,0.5124810344827586,0.512372634643377,580,687,epistemic,hoptimus
within_encoder_mi_hoptimus,0.7,0.6899563318777293,-0.010043668122270644,0.02432658117101046,40,77.5,auroc,0.9275186567164179,0.9559846399072598,0.028465983190841926,0.9274632317895442,0.9140720526795099,0.9404026837501983,0.02852140811771564,1.0,0.001998001998001998,0.4345991561181435,0.512464135021097,0.512372634643377,474,687,epistemic,hoptimus
within_encoder_mi_hoptimus,0.7,0.6899563318777293,-0.010043668122270644,0.02432658117101046,40,77.5,auprc,0.923102598678537,0.9467683561199193,0.02366575744138233,0.9231041912323336,0.905674501851996,0.9404341859847596,0.023664164887585715,0.996,0.00999000999000999,0.4345991561181435,0.512464135021097,0.512372634643377,474,687,epistemic,hoptimus
within_encoder_mi_hoptimus,0.7,0.6899563318777293,-0.010043668122270644,0.02432658117101046,40,77.5,bss,0.5376353986904567,0.6957901441400609,0.15815474544960417,0.5377095804442465,0.48839958739647804,0.5822480086771737,0.15808056369581436,1.0,0.001998001998001998,0.4345991561181435,0.512464135021097,0.512372634643377,474,687,epistemic,hoptimus
within_encoder_mi_hoptimus,0.7,0.6899563318777293,-0.010043668122270644,0.02432658117101046,40,77.5,balanced_accuracy,0.8641494233378562,0.9107738008984205,0.04662437756056437,0.8640103942858145,0.8472083278562517,0.8813431482339614,0.04676340661260603,1.0,0.001998001998001998,0.4345991561181435,0.512464135021097,0.512372634643377,474,687,epistemic,hoptimus
within_encoder_mi_hoptimus,0.7,0.6899563318777293,-0.010043668122270644,0.02432658117101046,40,77.5,sensitivity,0.8835227272727273,0.8737864077669902,-0.009736319505737057,0.8839149168423175,0.8636317999269807,0.9067796610169492,-0.010128509075327252,0.186,0.37362637362637363,0.4345991561181435,0.512464135021097,0.512372634643377,474,687,epistemic,hoptimus
within_encoder_mi_hoptimus,0.7,0.6899563318777293,-0.010043668122270644,0.02432658117101046,40,77.5,specificity,0.844776119402985,0.9477611940298507,0.10298507462686568,0.8441058717293116,0.819733508536424,0.8701358826358826,0.10365532230053909,1.0,0.001998001998001998,0.4345991561181435,0.512464135021097,0.512372634643377,474,687,epistemic,hoptimus
within_encoder_mi_hoptimus,0.7,0.6899563318777293,-0.010043668122270644,0.02432658117101046,40,77.5,ppv,0.8567493112947658,0.9278350515463918,0.07108574025162595,0.8563101250031218,0.8333171206225681,0.8804899449819769,0.07152492654327003,1.0,0.001998001998001998,0.4345991561181435,0.512464135021097,0.512372634643377,474,687,epistemic,hoptimus
within_encoder_mi_hoptimus,0.7,0.6899563318777293,-0.010043668122270644,0.02432658117101046,40,77.5,npv,0.8734567901234568,0.9071428571428571,0.033686067019400356,0.8736860046770478,0.8497797105852861,0.8973214285714286,0.03345685246580932,0.996,0.00999000999000999,0.4345991561181435,0.512464135021097,0.512372634643377,474,687,epistemic,hoptimus
within_encoder_mi_hoptimus,0.7,0.6899563318777293,-0.010043668122270644,0.02432658117101046,40,77.5,f1,0.8699300699300699,0.9,0.030069930069930084,0.8698209323570347,0.8523908523908524,0.8880003929273085,0.030179067642965296,1.0,0.001998001998001998,0.4345991561181435,0.512464135021097,0.512372634643377,474,687,epistemic,hoptimus
within_encoder_mi_hoptimus,0.7,0.6899563318777293,-0.010043668122270644,0.02432658117101046,40,77.5,brier,0.11552037058879151,0.07475127615907137,-0.04076909442972014,0.11542408518414549,0.10435418033383784,0.12762971185256622,-0.040672809025074114,0.0,0.001998001998001998,0.4345991561181435,0.512464135021097,0.512372634643377,474,687,epistemic,hoptimus
within_encoder_mi_hoptimus,0.7,0.6899563318777293,-0.010043668122270644,0.02432658117101046,40,77.5,ece,0.07853650209908324,0.05632696543474698,-0.022209536664336255,0.07982127551606374,0.06391286689821576,0.09620212986543782,-0.023494310081316763,0.001,0.003996003996003996,0.4345991561181435,0.512464135021097,0.512372634643377,474,687,epistemic,hoptimus
within_encoder_mi_hoptimus,0.7,0.6899563318777293,-0.010043668122270644,0.02432658117101046,40,77.5,cal_gap,-0.06477916370024744,-0.036466895434746904,0.02831226826550054,-0.06427671312986115,-0.08124150590705481,-0.0487717261831065,0.027809817695114245,1.0,0.001998001998001998,0.4345991561181435,0.512464135021097,0.512372634643377,474,687,epistemic,hoptimus
within_encoder_mi_hoptimus,0.7,0.6899563318777293,-0.010043668122270644,0.02432658117101046,40,77.5,accuracy,0.8646288209606987,0.9156118143459916,0.050982993385292885,0.8644957805907173,0.8481012658227848,0.8818565400843882,0.05111603375527429,1.0,0.001998001998001998,0.4345991561181435,0.512464135021097,0.512372634643377,474,687,epistemic,hoptimus
laplace_epistemic_mi_hoptimus,0.9,0.834061135371179,-0.06593886462882104,0.0710758968,56,71.42857142857143,auroc,0.9275186567164179,0.946695852083741,0.019177195367323097,0.9274626218087908,0.9195314338796976,0.9364352551600845,0.019233230274950164,1.0,0.001998001998001998,0.4694589877835951,0.5123734729493892,0.512372634643377,573,687,laplace,hoptimus
laplace_epistemic_mi_hoptimus,0.9,0.834061135371179,-0.06593886462882104,0.0710758968,56,71.42857142857143,auprc,0.923102598678537,0.9382725459541086,0.015169947275571638,0.9230059154864433,0.912409273397809,0.9349528038728424,0.015266630467665299,0.994,0.013986013986013986,0.4694589877835951,0.5123734729493892,0.512372634643377,573,687,laplace,hoptimus
laplace_epistemic_mi_hoptimus,0.9,0.834061135371179,-0.06593886462882104,0.0710758968,56,71.42857142857143,bss,0.5376353986904567,0.655173299082688,0.11753790039223122,0.5372768999471902,0.5067063813703208,0.569317687754746,0.11789639913549776,1.0,0.001998001998001998,0.4694589877835951,0.5123734729493892,0.512372634643377,573,687,laplace,hoptimus
laplace_epistemic_mi_hoptimus,0.9,0.834061135371179,-0.06593886462882104,0.0710758968,56,71.42857142857143,balanced_accuracy,0.8641494233378562,0.9012607611035022,0.03711133776564601,0.8641458685919691,0.8524190578608193,0.8756723854217455,0.037114892511533104,1.0,0.001998001998001998,0.4694589877835951,0.5123734729493892,0.512372634643377,573,687,laplace,hoptimus
laplace_epistemic_mi_hoptimus,0.9,0.834061135371179,-0.06593886462882104,0.0710758968,56,71.42857142857143,sensitivity,0.8835227272727273,0.8847583643122676,0.0012356370395403271,0.8835043646048347,0.8695614821455252,0.8993142661476355,0.0012539997074328957,0.592,0.8171828171828172,0.4694589877835951,0.5123734729493892,0.512372634643377,573,687,laplace,hoptimus
laplace_epistemic_mi_hoptimus,0.9,0.834061135371179,-0.06593886462882104,0.0710758968,56,71.42857142857143,specificity,0.844776119402985,0.9177631578947368,0.07298703849175181,0.8447873725791034,0.8271936053302187,0.8628158844765343,0.07297578531563342,1.0,0.001998001998001998,0.4694589877835951,0.5123734729493892,0.512372634643377,573,687,laplace,hoptimus
laplace_epistemic_mi_hoptimus,0.9,0.834061135371179,-0.06593886462882104,0.0710758968,56,71.42857142857143,ppv,0.8567493112947658,0.9049429657794676,0.04819365448470181,0.8567557064171717,0.8406743059856974,0.873343853820598,0.04818725936229595,1.0,0.001998001998001998,0.4694589877835951,0.5123734729493892,0.512372634643377,573,687,laplace,hoptimus
laplace_epistemic_mi_hoptimus,0.9,0.834061135371179,-0.06593886462882104,0.0710758968,56,71.42857142857143,npv,0.8734567901234568,0.9,0.02654320987654324,0.8734446540898275,0.8581818181818182,0.890160500995355,0.0265553459101725,0.999,0.003996003996003996,0.4694589877835951,0.5123734729493892,0.512372634643377,573,687,laplace,hoptimus
laplace_epistemic_mi_hoptimus,0.9,0.834061135371179,-0.06593886462882104,0.0710758968,56,71.42857142857143,f1,0.8699300699300699,0.8947368421052632,0.024806772175193226,0.8698915462982465,0.8580853795677982,0.881578947368421,0.024845295807016665,1.0,0.001998001998001998,0.4694589877835951,0.5123734729493892,0.512372634643377,573,687,laplace,hoptimus
laplace_epistemic_mi_hoptimus,0.9,0.834061135371179,-0.06593886462882104,0.0710758968,56,71.42857142857143,brier,0.11552037058879151,0.08588503694225645,-0.02963533364653506,0.11557688967617703,0.10754672836537506,0.12315107426037382,-0.029691852733920582,0.0,0.001998001998001998,0.4694589877835951,0.5123734729493892,0.512372634643377,573,687,laplace,hoptimus
laplace_epistemic_mi_hoptimus,0.9,0.834061135371179,-0.06593886462882104,0.0710758968,56,71.42857142857143,ece,0.07853650209908324,0.05457952707167571,-0.023956975027407526,0.07943155474226041,0.06866072191160263,0.09045248332354287,-0.024852027670584698,0.0,0.001998001998001998,0.4694589877835951,0.5123734729493892,0.512372634643377,573,687,laplace,hoptimus
laplace_epistemic_mi_hoptimus,0.9,0.834061135371179,-0.06593886462882104,0.0710758968,56,71.42857142857143,cal_gap,-0.06477916370024744,-0.03705307363363003,0.027726090066617415,-0.0647580105076006,-0.07578349336764571,-0.05322895191787085,0.027704936873970576,1.0,0.001998001998001998,0.4694589877835951,0.5123734729493892,0.512372634643377,573,687,laplace,hoptimus
laplace_epistemic_mi_hoptimus,0.9,0.834061135371179,-0.06593886462882104,0.0710758968,56,71.42857142857143,accuracy,0.8646288209606987,0.9022687609075044,0.0376399399468057,0.8646230366492148,0.8534031413612565,0.8760907504363001,0.0376457242582896,1.0,0.001998001998001998,0.4694589877835951,0.5123734729493892,0.512372634643377,573,687,laplace,hoptimus
laplace_epistemic_mi_hoptimus,0.8,0.7510917030567685,-0.04890829694323151,0.05770816212,42,80.95238095238095,auroc,0.9275186567164179,0.9528661062378168,0.02534744952139889,0.9274712195831585,0.9166040745183006,0.9395056951373445,0.025394886654658277,1.0,0.001998001998001998,0.4418604651162791,0.5122073643410853,0.512372634643377,516,687,laplace,hoptimus
laplace_epistemic_mi_hoptimus,0.8,0.7510917030567685,-0.04890829694323151,0.05770816212,42,80.95238095238095,auprc,0.923102598678537,0.9435353476494133,0.020432748970876324,0.9230992673422577,0.909266314047556,0.9384117336973612,0.020436080307155602,0.993,0.015984015984015984,0.4418604651162791,0.5122073643410853,0.512372634643377,516,687,laplace,hoptimus
laplace_epistemic_mi_hoptimus,0.8,0.7510917030567685,-0.04890829694323151,0.05770816212,42,80.95238095238095,bss,0.5376353986904567,0.7162247903862402,0.17858939169578347,0.537521729930365,0.49743391759899575,0.5795283662099099,0.17870306045587525,1.0,0.001998001998001998,0.4418604651162791,0.5122073643410853,0.512372634643377,516,687,laplace,hoptimus
laplace_epistemic_mi_hoptimus,0.8,0.7510917030567685,-0.04890829694323151,0.05770816212,42,80.95238095238095,balanced_accuracy,0.8641494233378562,0.9161184210526316,0.05196899771477548,0.86384571937795,0.8500835336198121,0.8779146952747723,0.052272701674681676,1.0,0.001998001998001998,0.4418604651162791,0.5122073643410853,0.512372634643377,516,687,laplace,hoptimus
laplace_epistemic_mi_hoptimus,0.8,0.7510917030567685,-0.04890829694323151,0.05770816212,42,80.95238095238095,sensitivity,0.8835227272727273,0.8947368421052632,0.01121411483253587,0.8835299169957248,0.8643363317244406,0.9031101284008262,0.011206925109538357,0.866,0.26973026973026976,0.4418604651162791,0.5122073643410853,0.512372634643377,516,687,laplace,hoptimus
laplace_epistemic_mi_hoptimus,0.8,0.7510917030567685,-0.04890829694323151,0.05770816212,42,80.95238095238095,specificity,0.844776119402985,0.9375,0.09272388059701497,0.8441615217601752,0.8221343873517787,0.8647622300286235,0.09333847823982477,1.0,0.001998001998001998,0.4418604651162791,0.5122073643410853,0.512372634643377,516,687,laplace,hoptimus
laplace_epistemic_mi_hoptimus,0.8,0.7510917030567685,-0.04890829694323151,0.05770816212,42,80.95238095238095,ppv,0.8567493112947658,0.918918918918919,0.062169607624153134,0.8561765056071899,0.8345857750995135,0.8776998401278977,0.06274241331172903,1.0,0.001998001998001998,0.4418604651162791,0.5122073643410853,0.512372634643377,516,687,laplace,hoptimus
laplace_epistemic_mi_hoptimus,0.8,0.7510917030567685,-0.04890829694323151,0.05770816212,42,80.95238095238095,npv,0.8734567901234568,0.9183673469387755,0.04491055681531875,0.8734676914643983,0.8536585365853658,0.8947368421052632,0.04489965547437724,0.999,0.003996003996003996,0.4418604651162791,0.5122073643410853,0.512372634643377,516,687,laplace,hoptimus
laplace_epistemic_mi_hoptimus,0.8,0.7510917030567685,-0.04890829694323151,0.05770816212,42,80.95238095238095,f1,0.8699300699300699,0.9066666666666666,0.03673659673659668,0.8695895131141391,0.8543679764543994,0.8848263254113345,0.0370771535525275,1.0,0.001998001998001998,0.4418604651162791,0.5122073643410853,0.512372634643377,516,687,laplace,hoptimus
laplace_epistemic_mi_hoptimus,0.8,0.7510917030567685,-0.04890829694323151,0.05770816212,42,80.95238095238095,brier,0.11552037058879151,0.06998458387445888,-0.04553578671433263,0.1154997481136725,0.10495998838795952,0.12543340640714642,-0.04551516423921362,0.0,0.001998001998001998,0.4418604651162791,0.5122073643410853,0.512372634643377,516,687,laplace,hoptimus
laplace_epistemic_mi_hoptimus,0.8,0.7510917030567685,-0.04890829694323151,0.05770816212,42,80.95238095238095,ece,0.07853650209908324,0.044354344325717346,-0.03418215777336589,0.07938598114459883,0.06415963240916531,0.09285764589984992,-0.03503163681888148,0.0,0.001998001998001998,0.4418604651162791,0.5122073643410853,0.512372634643377,516,687,laplace,hoptimus
laplace_epistemic_mi_hoptimus,0.8,0.7510917030567685,-0.04890829694323151,0.05770816212,42,80.95238095238095,cal_gap,-0.06477916370024744,-0.020730289984631778,0.044048873715615666,-0.06447019219975382,-0.07809719964363517,-0.05005953031445249,0.04373990221512204,1.0,0.001998001998001998,0.4418604651162791,0.5122073643410853,0.512372634643377,516,687,laplace,hoptimus
laplace_epistemic_mi_hoptimus,0.8,0.7510917030567685,-0.04890829694323151,0.05770816212,42,80.95238095238095,accuracy,0.8646288209606987,0.9186046511627907,0.05397583020209196,0.8643255813953489,0.8507751937984496,0.877906976744186,0.05427906976744179,1.0,0.001998001998001998,0.4418604651162791,0.5122073643410853,0.512372634643377,516,687,laplace,hoptimus
laplace_epistemic_mi_hoptimus,0.7,0.6433770014556041,-0.0566229985443959,0.04094837022,26,96.15384615384616,auroc,0.9275186567164179,0.9594885883347422,0.03196993161832429,0.9276833040243087,0.9127575454036126,0.9414998481955128,0.0318052843104335,1.0,0.001998001998001998,0.4117647058823529,0.5128619909502263,0.512372634643377,442,687,laplace,hoptimus
laplace_epistemic_mi_hoptimus,0.7,0.6433770014556041,-0.0566229985443959,0.04094837022,26,96.15384615384616,auprc,0.923102598678537,0.9504727988042749,0.027370200125737987,0.9235415345447234,0.9051999221195312,0.9418275069122759,0.0269312642595515,0.999,0.003996003996003996,0.4117647058823529,0.5128619909502263,0.512372634643377,442,687,laplace,hoptimus
laplace_epistemic_mi_hoptimus,0.7,0.6433770014556041,-0.0566229985443959,0.04094837022,26,96.15384615384616,bss,0.5376353986904567,0.7782167437888151,0.24058134509835838,0.5374401836143896,0.48681385100856517,0.5885954033834315,0.2407765601744255,1.0,0.001998001998001998,0.4117647058823529,0.5128619909502263,0.512372634643377,442,687,laplace,hoptimus
laplace_epistemic_mi_hoptimus,0.7,0.6433770014556041,-0.0566229985443959,0.04094837022,26,96.15384615384616,balanced_accuracy,0.8641494233378562,0.9368131868131868,0.07266376347533066,0.8638486259904501,0.8447121603331678,0.8821597724299735,0.07296456082273672,1.0,0.001998001998001998,0.4117647058823529,0.5128619909502263,0.512372634643377,442,687,laplace,hoptimus
laplace_epistemic_mi_hoptimus,0.7,0.6433770014556041,-0.0566229985443959,0.04094837022,26,96.15384615384616,sensitivity,0.8835227272727273,0.9120879120879121,0.028565184815184774,0.8835088887167372,0.8602486711849671,0.9091011929247222,0.028579023371174905,0.986,0.029970029970029972,0.4117647058823529,0.5128619909502263,0.512372634643377,442,687,laplace,hoptimus
laplace_epistemic_mi_hoptimus,0.7,0.6433770014556041,-0.0566229985443959,0.04094837022,26,96.15384615384616,specificity,0.844776119402985,0.9615384615384616,0.11676234213547654,0.844188363264163,0.8151571002281902,0.8755980861244019,0.11735009827429854,1.0,0.001998001998001998,0.4117647058823529,0.5128619909502263,0.512372634643377,442,687,laplace,hoptimus
laplace_epistemic_mi_hoptimus,0.7,0.6433770014556041,-0.0566229985443959,0.04094837022,26,96.15384615384616,ppv,0.8567493112947658,0.9431818181818182,0.0864325068870524,0.856558799209391,0.8296943231441049,0.8839414682539682,0.08662301897242719,1.0,0.001998001998001998,0.4117647058823529,0.5128619909502263,0.512372634643377,442,687,laplace,hoptimus
laplace_epistemic_mi_hoptimus,0.7,0.6433770014556041,-0.0566229985443959,0.04094837022,26,96.15384615384616,npv,0.8734567901234568,0.9398496240601504,0.0663928339366936,0.8731671992304623,0.84688995215311,0.9004739336492891,0.06668242482968811,1.0,0.001998001998001998,0.4117647058823529,0.5128619909502263,0.512372634643377,442,687,laplace,hoptimus
laplace_epistemic_mi_hoptimus,0.7,0.6433770014556041,-0.0566229985443959,0.04094837022,26,96.15384615384616,f1,0.8699300699300699,0.9273743016759777,0.05744423174590774,0.8697299914010233,0.8502175541298327,0.8875103021978021,0.057644310274954425,1.0,0.001998001998001998,0.4117647058823529,0.5128619909502263,0.512372634643377,442,687,laplace,hoptimus
laplace_epistemic_mi_hoptimus,0.7,0.6433770014556041,-0.0566229985443959,0.04094837022,26,96.15384615384616,brier,0.11552037058879151,0.05371912780201709,-0.06180124278677442,0.11547125046533044,0.10283219662773219,0.12791746299372644,-0.06175212266331335,0.0,0.001998001998001998,0.4117647058823529,0.5128619909502263,0.512372634643377,442,687,laplace,hoptimus
laplace_epistemic_mi_hoptimus,0.7,0.6433770014556041,-0.0566229985443959,0.04094837022,26,96.15384615384616,ece,0.07853650209908324,0.033077336335000256,-0.04545916576408298,0.08034562747562624,0.06135401812572632,0.0974095588237461,-0.04726829114062598,0.0,0.001998001998001998,0.4117647058823529,0.5128619909502263,0.512372634643377,442,687,laplace,hoptimus
laplace_epistemic_mi_hoptimus,0.7,0.6433770014556041,-0.0566229985443959,0.04094837022,26,96.15384615384616,cal_gap,-0.06477916370024744,-0.011329021086131152,0.05345014261411629,-0.06463484703739089,-0.08391196586318782,-0.04508354812644461,0.05330582595125974,1.0,0.001998001998001998,0.4117647058823529,0.5128619909502263,0.512372634643377,442,687,laplace,hoptimus
laplace_epistemic_mi_hoptimus,0.7,0.6433770014556041,-0.0566229985443959,0.04094837022,26,96.15384615384616,accuracy,0.8646288209606987,0.9411764705882353,0.07654764962753657,0.8643597285067877,0.8461538461538461,0.8823529411764706,0.07681674208144762,1.0,0.001998001998001998,0.4117647058823529,0.5128619909502263,0.512372634643377,442,687,laplace,hoptimus
mc_aleatoric_hoptimus,0.9,0.8733624454148472,-0.026637554585152823,0.5491637043686923,71,60.563380281690144,auroc,0.9275186567164179,0.9420439988861041,0.014525342169686262,0.9275132662026374,0.9204502237777888,0.9353524174062435,0.014530732683466718,1.0,0.001998001998001998,0.475,0.5116016666666667,0.512372634643377,600,687,mc_dropout,hoptimus
mc_aleatoric_hoptimus,0.9,0.8733624454148472,-0.026637554585152823,0.5491637043686923,71,60.563380281690144,auprc,0.923102598678537,0.9337648394434701,0.010662240764933162,0.9228868674838621,0.9141756715244285,0.9332209111472011,0.010877971959608046,0.977,0.04795204795204795,0.475,0.5116016666666667,0.512372634643377,600,687,mc_dropout,hoptimus
mc_aleatoric_hoptimus,0.9,0.8733624454148472,-0.026637554585152823,0.5491637043686923,71,60.563380281690144,bss,0.5376353986904567,0.6223465492003779,0.08471115050992117,0.5377040855402079,0.5129209746216893,0.567742704657982,0.08464246366017003,1.0,0.001998001998001998,0.475,0.5116016666666667,0.512372634643377,600,687,mc_dropout,hoptimus
mc_aleatoric_hoptimus,0.9,0.8733624454148472,-0.026637554585152823,0.5491637043686923,71,60.563380281690144,balanced_accuracy,0.8641494233378562,0.8807852965747702,0.016635873236914067,0.8641794811436057,0.8546841660739687,0.8746946319132647,0.016605815431164572,1.0,0.001998001998001998,0.475,0.5116016666666667,0.512372634643377,600,687,mc_dropout,hoptimus
mc_aleatoric_hoptimus,0.9,0.8733624454148472,-0.026637554585152823,0.5491637043686923,71,60.563380281690144,sensitivity,0.8835227272727273,0.8631578947368421,-0.02036483253588517,0.8834266442884091,0.8712871287128713,0.8980263157894737,-0.02026874955156699,0.0,0.001998001998001998,0.475,0.5116016666666667,0.512372634643377,600,687,mc_dropout,hoptimus
mc_aleatoric_hoptimus,0.9,0.8733624454148472,-0.026637554585152823,0.5491637043686923,71,60.563380281690144,specificity,0.844776119402985,0.8984126984126984,0.053636579009713414,0.8449323179988025,0.8309753872069627,0.86,0.05348038041389591,1.0,0.001998001998001998,0.475,0.5116016666666667,0.512372634643377,600,687,mc_dropout,hoptimus
mc_aleatoric_hoptimus,0.9,0.8733624454148472,-0.026637554585152823,0.5491637043686923,71,60.563380281690144,ppv,0.8567493112947658,0.8848920863309353,0.028142775036169465,0.8564814263132472,0.8432571147581289,0.8710792866859881,0.028410660017688105,1.0,0.001998001998001998,0.475,0.5116016666666667,0.512372634643377,600,687,mc_dropout,hoptimus
mc_aleatoric_hoptimus,0.9,0.8733624454148472,-0.026637554585152823,0.5491637043686923,71,60.563380281690144,npv,0.8734567901234568,0.8788819875776398,0.005425197454183017,0.8737345552690262,0.8612099644128114,0.8888888888888888,0.0051474323086135865,0.766,0.4695304695304695,0.475,0.5116016666666667,0.512372634643377,600,687,mc_dropout,hoptimus
mc_aleatoric_hoptimus,0.9,0.8733624454148472,-0.026637554585152823,0.5491637043686923,71,60.563380281690144,f1,0.8699300699300699,0.8738898756660746,0.003959805736004629,0.8697214986112699,0.8594152506901064,0.8801292492309806,0.004168377054804662,0.783,0.4355644355644356,0.475,0.5116016666666667,0.512372634643377,600,687,mc_dropout,hoptimus
mc_aleatoric_hoptimus,0.9,0.8733624454148472,-0.026637554585152823,0.5491637043686923,71,60.563380281690144,brier,0.11552037058879151,0.09417732929315574,-0.021343041295635773,0.1154878504774689,0.10787576249366022,0.121692367202555,-0.02131052118431316,0.0,0.001998001998001998,0.475,0.5116016666666667,0.512372634643377,600,687,mc_dropout,hoptimus
mc_aleatoric_hoptimus,0.9,0.8733624454148472,-0.026637554585152823,0.5491637043686923,71,60.563380281690144,ece,0.07853650209908324,0.053988939720116966,-0.02454756237896627,0.07913298026978874,0.06965323064446852,0.08736756752096268,-0.025144040549671773,0.0,0.001998001998001998,0.475,0.5116016666666667,0.512372634643377,600,687,mc_dropout,hoptimus
mc_aleatoric_hoptimus,0.9,0.8733624454148472,-0.026637554585152823,0.5491637043686923,71,60.563380281690144,cal_gap,-0.06477916370024744,-0.03446972612011667,0.03030943758013077,-0.06455966104085525,-0.0741408877686292,-0.05508028832416656,0.03008993492073858,1.0,0.001998001998001998,0.475,0.5116016666666667,0.512372634643377,600,687,mc_dropout,hoptimus
mc_aleatoric_hoptimus,0.9,0.8733624454148472,-0.026637554585152823,0.5491637043686923,71,60.563380281690144,accuracy,0.8646288209606987,0.8816666666666667,0.017037845705968002,0.8646266666666667,0.855,0.875,0.017040000000000055,1.0,0.001998001998001998,0.475,0.5116016666666667,0.512372634643377,600,687,mc_dropout,hoptimus
mc_aleatoric_hoptimus,0.8,0.7860262008733624,-0.013973799126637654,0.4637725923063429,46,89.1304347826087,auroc,0.9275186567164179,0.9502701358278869,0.02275147911146902,0.9272831911499456,0.917493902905636,0.93786024931944,0.022986944677941268,1.0,0.001998001998001998,0.45740740740740743,0.5125574074074074,0.512372634643377,540,687,mc_dropout,hoptimus
mc_aleatoric_hoptimus,0.8,0.7860262008733624,-0.013973799126637654,0.4637725923063429,46,89.1304347826087,auprc,0.923102598678537,0.9413939093464011,0.018291310667864158,0.9228402441737527,0.9102986640195248,0.9368555647132852,0.018553665172648448,0.994,0.013986013986013986,0.45740740740740743,0.5125574074074074,0.512372634643377,540,687,mc_dropout,hoptimus
mc_aleatoric_hoptimus,0.8,0.7860262008733624,-0.013973799126637654,0.4637725923063429,46,89.1304347826087,bss,0.5376353986904567,0.6963941005541496,0.1587587018636929,0.5364673824064988,0.5012652505458632,0.5719150654035527,0.1599267181476508,1.0,0.001998001998001998,0.45740740740740743,0.5125574074074074,0.512372634643377,540,687,mc_dropout,hoptimus
mc_aleatoric_hoptimus,0.8,0.7860262008733624,-0.013973799126637654,0.4637725923063429,46,89.1304347826087,balanced_accuracy,0.8641494233378562,0.9129209213635296,0.04877149802567349,0.8637259992805412,0.8511737677053013,0.8774753718237198,0.04919492208298848,1.0,0.001998001998001998,0.45740740740740743,0.5125574074074074,0.512372634643377,540,687,mc_dropout,hoptimus
mc_aleatoric_hoptimus,0.8,0.7860262008733624,-0.013973799126637654,0.4637725923063429,46,89.1304347826087,sensitivity,0.8835227272727273,0.8906882591093117,0.007165531836584416,0.8832513642201629,0.8664259927797834,0.901060070671378,0.007436894889148782,0.805,0.3916083916083916,0.45740740740740743,0.5125574074074074,0.512372634643377,540,687,mc_dropout,hoptimus
mc_aleatoric_hoptimus,0.8,0.7860262008733624,-0.013973799126637654,0.4637725923063429,46,89.1304347826087,specificity,0.844776119402985,0.9351535836177475,0.09037746421476245,0.8442006343409194,0.8257575757575758,0.8646616541353384,0.09095294927682807,1.0,0.001998001998001998,0.45740740740740743,0.5125574074074074,0.512372634643377,540,687,mc_dropout,hoptimus
mc_aleatoric_hoptimus,0.8,0.7860262008733624,-0.013973799126637654,0.4637725923063429,46,89.1304347826087,ppv,0.8567493112947658,0.9205020920502092,0.06375278075544333,0.8563370359293838,0.8394127997914494,0.8763250883392226,0.06416505612082535,1.0,0.001998001998001998,0.45740740740740743,0.5125574074074074,0.512372634643377,540,687,mc_dropout,hoptimus
mc_aleatoric_hoptimus,0.8,0.7860262008733624,-0.013973799126637654,0.4637725923063429,46,89.1304347826087,npv,0.8734567901234568,0.9102990033222591,0.03684221319880232,0.8730421160663576,0.85598671875,0.8930110281559557,0.03725688725590148,1.0,0.001998001998001998,0.45740740740740743,0.5125574074074074,0.512372634643377,540,687,mc_dropout,hoptimus
mc_aleatoric_hoptimus,0.8,0.7860262008733624,-0.013973799126637654,0.4637725923063429,46,89.1304347826087,f1,0.8699300699300699,0.9053497942386831,0.035419724308613176,0.869546912991626,0.8566239814523788,0.8835532820358509,0.035802881247057106,1.0,0.001998001998001998,0.45740740740740743,0.5125574074074074,0.512372634643377,540,687,mc_dropout,hoptimus
mc_aleatoric_hoptimus,0.8,0.7860262008733624,-0.013973799126637654,0.4637725923063429,46,89.1304347826087,brier,0.11552037058879151,0.07535069461178202,-0.04016967597700949,0.11576432074504803,0.10685310651256542,0.12443860736856516,-0.040413626133266004,0.0,0.001998001998001998,0.45740740740740743,0.5125574074074074,0.512372634643377,540,687,mc_dropout,hoptimus
mc_aleatoric_hoptimus,0.8,0.7860262008733624,-0.013973799126637654,0.4637725923063429,46,89.1304347826087,ece,0.07853650209908324,0.043032205133463286,-0.03550429696561995,0.07973014785445634,0.067333243795401,0.09148065977829178,-0.036697942720993054,0.0,0.001998001998001998,0.45740740740740743,0.5125574074074074,0.512372634643377,540,687,mc_dropout,hoptimus
mc_aleatoric_hoptimus,0.8,0.7860262008733624,-0.013973799126637654,0.4637725923063429,46,89.1304347826087,cal_gap,-0.06477916370024744,-0.023332878874203766,0.04144628482604368,-0.06479074312712294,-0.07766474415551113,-0.05179036992756669,0.04145786425291917,1.0,0.001998001998001998,0.45740740740740743,0.5125574074074074,0.512372634643377,540,687,mc_dropout,hoptimus
mc_aleatoric_hoptimus,0.8,0.7860262008733624,-0.013973799126637654,0.4637725923063429,46,89.1304347826087,accuracy,0.8646288209606987,0.9148148148148149,0.05018599385411615,0.8642166666666667,0.8518518518518519,0.8777777777777778,0.050598148148148114,1.0,0.001998001998001998,0.45740740740740743,0.5125574074074074,0.512372634643377,540,687,mc_dropout,hoptimus
mc_aleatoric_hoptimus,0.7,0.6593886462882096,-0.040611353711790366,0.31161533512533635,28,100.0,auroc,0.9275186567164179,0.9585837678621184,0.03106511114570054,0.9274794044816876,0.9130506861499244,0.9413452930773727,0.031104363380430766,1.0,0.001998001998001998,0.4282560706401766,0.5130927152317881,0.512372634643377,453,687,mc_dropout,hoptimus
mc_aleatoric_hoptimus,0.7,0.6593886462882096,-0.040611353711790366,0.31161533512533635,28,100.0,auprc,0.923102598678537,0.9500391720504261,0.02693657337188915,0.9233484059896594,0.9051646438034228,0.9400079600663589,0.026690766060766702,0.998,0.005994005994005994,0.4282560706401766,0.5130927152317881,0.512372634643377,453,687,mc_dropout,hoptimus
mc_aleatoric_hoptimus,0.7,0.6593886462882096,-0.040611353711790366,0.31161533512533635,28,100.0,bss,0.5376353986904567,0.7653505219430803,0.22771512325262355,0.5364837099515416,0.48537640086477934,0.5863264900750219,0.2288668119915387,1.0,0.001998001998001998,0.4282560706401766,0.5130927152317881,0.512372634643377,453,687,mc_dropout,hoptimus
mc_aleatoric_hoptimus,0.7,0.6593886462882096,-0.040611353711790366,0.31161533512533635,28,100.0,balanced_accuracy,0.8641494233378562,0.934950045774788,0.07080062243693186,0.8640745411058736,0.8451459576459577,0.8813941226678168,0.07087550466891446,1.0,0.001998001998001998,0.4282560706401766,0.5130927152317881,0.512372634643377,453,687,mc_dropout,hoptimus
mc_aleatoric_hoptimus,0.7,0.6593886462882096,-0.040611353711790366,0.31161533512533635,28,100.0,sensitivity,0.8835227272727273,0.9123711340206185,0.028848406747891242,0.8832546896830722,0.85949229985073,0.9066793248945147,0.029116444337546343,0.991,0.01998001998001998,0.4282560706401766,0.5130927152317881,0.512372634643377,453,687,mc_dropout,hoptimus
mc_aleatoric_hoptimus,0.7,0.6593886462882096,-0.040611353711790366,0.31161533512533635,28,100.0,specificity,0.844776119402985,0.9575289575289575,0.11275283812597248,0.8448943925286748,0.817351598173516,0.8744186046511628,0.11263456500028268,1.0,0.001998001998001998,0.4282560706401766,0.5130927152317881,0.512372634643377,453,687,mc_dropout,hoptimus
mc_aleatoric_hoptimus,0.7,0.6593886462882096,-0.040611353711790366,0.31161533512533635,28,100.0,ppv,0.8567493112947658,0.9414893617021277,0.08474005040736188,0.8571618095975726,0.8305785123966942,0.8836256080984404,0.08432755210455511,1.0,0.001998001998001998,0.4282560706401766,0.5130927152317881,0.512372634643377,453,687,mc_dropout,hoptimus
mc_aleatoric_hoptimus,0.7,0.6593886462882096,-0.040611353711790366,0.31161533512533635,28,100.0,npv,0.8734567901234568,0.9358490566037736,0.062392266480316816,0.8728943551978497,0.8468810696859159,0.8980604998202086,0.06295470140592385,1.0,0.001998001998001998,0.4282560706401766,0.5130927152317881,0.512372634643377,453,687,mc_dropout,hoptimus
mc_aleatoric_hoptimus,0.7,0.6593886462882096,-0.040611353711790366,0.31161533512533635,28,100.0,f1,0.8699300699300699,0.9267015706806283,0.05677150075055837,0.8699298037865211,0.8507731801664518,0.8879496986657075,0.056771766894107234,1.0,0.001998001998001998,0.4282560706401766,0.5130927152317881,0.512372634643377,453,687,mc_dropout,hoptimus
mc_aleatoric_hoptimus,0.7,0.6593886462882096,-0.040611353711790366,0.31161533512533635,28,100.0,brier,0.11552037058879151,0.057454583738763845,-0.05806578685002767,0.11570809138850725,0.10339349197177494,0.12843210923747417,-0.05825350764974341,0.0,0.001998001998001998,0.4282560706401766,0.5130927152317881,0.512372634643377,453,687,mc_dropout,hoptimus
mc_aleatoric_hoptimus,0.7,0.6593886462882096,-0.040611353711790366,0.31161533512533635,28,100.0,ece,0.07853650209908324,0.03463875507962511,-0.04389774701945812,0.0809148949282959,0.06416698463622744,0.09831521335338297,-0.04627613984867079,0.0,0.001998001998001998,0.4282560706401766,0.5130927152317881,0.512372634643377,453,687,mc_dropout,hoptimus
mc_aleatoric_hoptimus,0.7,0.6593886462882096,-0.040611353711790366,0.31161533512533635,28,100.0,cal_gap,-0.06477916370024744,-0.012977186867704216,0.05180197683254323,-0.06529071195465345,-0.08321616721754962,-0.048858015664444324,0.05231352508694924,1.0,0.001998001998001998,0.4282560706401766,0.5130927152317881,0.512372634643377,453,687,mc_dropout,hoptimus
mc_aleatoric_hoptimus,0.7,0.6593886462882096,-0.040611353711790366,0.31161533512533635,28,100.0,accuracy,0.8646288209606987,0.9381898454746137,0.073561024513915,0.8645783664459161,0.8454746136865342,0.880849889624724,0.07361147902869758,1.0,0.001998001998001998,0.4282560706401766,0.5130927152317881,0.512372634643377,453,687,mc_dropout,hoptimus
ood_attention_hoptimus,0.9,0.8879184861717613,-0.012081513828238744,92.59807617187501,72,55.55555555555556,auroc,0.9275186567164179,0.9390215053763441,0.011502848659926235,0.9274570628935508,0.9212419262147136,0.9348868455824987,0.011564442482793313,0.997,0.007992007992007992,0.4918032786885246,0.5122639344262294,0.512372634643377,610,687,ood,hoptimus
ood_attention_hoptimus,0.9,0.8879184861717613,-0.012081513828238744,92.59807617187501,72,55.55555555555556,auprc,0.923102598678537,0.9328271175027262,0.009724518824189232,0.9230133774533895,0.9148220913440399,0.9325492127733137,0.009813740049336661,0.977,0.04795204795204795,0.4918032786885246,0.5122639344262294,0.512372634643377,610,687,ood,hoptimus
ood_attention_hoptimus,0.9,0.8879184861717613,-0.012081513828238744,92.59807617187501,72,55.55555555555556,bss,0.5376353986904567,0.5889743239762393,0.051338925285782544,0.5375091701222746,0.5146470835521391,0.5636094666375683,0.05146515385396466,1.0,0.001998001998001998,0.4918032786885246,0.5122639344262294,0.512372634643377,610,687,ood,hoptimus
ood_attention_hoptimus,0.9,0.8879184861717613,-0.012081513828238744,92.59807617187501,72,55.55555555555556,balanced_accuracy,0.8641494233378562,0.8820430107526882,0.017893587414832046,0.8642868101870887,0.8554234618511767,0.8735545199998193,0.017756200565599456,0.999,0.003996003996003996,0.4918032786885246,0.5122639344262294,0.512372634643377,610,687,ood,hoptimus
ood_attention_hoptimus,0.9,0.8879184861717613,-0.012081513828238744,92.59807617187501,72,55.55555555555556,sensitivity,0.8835227272727273,0.8866666666666667,0.003143939393939421,0.8834854437143261,0.8722724015407124,0.8955696202531646,0.003181222952340579,0.7,0.6013986013986014,0.4918032786885246,0.5122639344262294,0.512372634643377,610,687,ood,hoptimus
ood_attention_hoptimus,0.9,0.8879184861717613,-0.012081513828238744,92.59807617187501,72,55.55555555555556,specificity,0.844776119402985,0.8774193548387097,0.03264323543572467,0.8450881766598517,0.8327645051194539,0.8600136054421769,0.032331178178858,1.0,0.001998001998001998,0.4918032786885246,0.5122639344262294,0.512372634643377,610,687,ood,hoptimus
ood_attention_hoptimus,0.9,0.8879184861717613,-0.012081513828238744,92.59807617187501,72,55.55555555555556,ppv,0.8567493112947658,0.875,0.018250688705234164,0.8569419512780845,0.8454202517799415,0.8703776726253066,0.01805804872191552,0.996,0.00999000999000999,0.4918032786885246,0.5122639344262294,0.512372634643377,610,687,ood,hoptimus
ood_attention_hoptimus,0.9,0.8879184861717613,-0.012081513828238744,92.59807617187501,72,55.55555555555556,npv,0.8734567901234568,0.8888888888888888,0.015432098765432056,0.873510552574911,0.8620689655172413,0.8865979381443299,0.015378336313977892,0.984,0.03396603396603397,0.4918032786885246,0.5122639344262294,0.512372634643377,610,687,ood,hoptimus
ood_attention_hoptimus,0.9,0.8879184861717613,-0.012081513828238744,92.59807617187501,72,55.55555555555556,f1,0.8699300699300699,0.8807947019867549,0.010864632056684975,0.869992321517645,0.8607594936708861,0.879746835443038,0.010802380469109862,0.987,0.027972027972027972,0.4918032786885246,0.5122639344262294,0.512372634643377,610,687,ood,hoptimus
ood_attention_hoptimus,0.9,0.8879184861717613,-0.012081513828238744,92.59807617187501,72,55.55555555555556,brier,0.11552037058879151,0.10272880373611865,-0.012791566852672867,0.1155315312756017,0.10908103633152023,0.12122569981967225,-0.012802727539483055,0.0,0.001998001998001998,0.4918032786885246,0.5122639344262294,0.512372634643377,610,687,ood,hoptimus
ood_attention_hoptimus,0.9,0.8879184861717613,-0.012081513828238744,92.59807617187501,72,55.55555555555556,ece,0.07853650209908324,0.07441354861159026,-0.004122953487492975,0.07907868736677462,0.06994617989736081,0.08714445403041818,-0.004665138755184359,0.146,0.2937062937062937,0.4918032786885246,0.5122639344262294,0.512372634643377,610,687,ood,hoptimus
ood_attention_hoptimus,0.9,0.8879184861717613,-0.012081513828238744,92.59807617187501,72,55.55555555555556,cal_gap,-0.06477916370024744,-0.060262545595196726,0.004516618105050718,-0.0647424698302499,-0.07311318882347137,-0.05624882914924835,0.004479924235053168,0.838,0.3256743256743257,0.4918032786885246,0.5122639344262294,0.512372634643377,610,687,ood,hoptimus
ood_attention_hoptimus,0.9,0.8879184861717613,-0.012081513828238744,92.59807617187501,72,55.55555555555556,accuracy,0.8646288209606987,0.8819672131147541,0.017338392154055415,0.8647606557377051,0.8557377049180328,0.8737704918032787,0.017206557377049014,0.999,0.003996003996003996,0.4918032786885246,0.5122639344262294,0.512372634643377,610,687,ood,hoptimus
ood_attention_hoptimus,0.8,0.7117903930131004,-0.08820960698689961,88.74188323974609,55,58.18181818181818,auroc,0.9275186567164179,0.942072556264696,0.014553899548278126,0.9273355886277962,0.9156629022132384,0.9393513327944873,0.0147369676368998,0.989,0.023976023976023976,0.46830265848670755,0.5117893660531698,0.512372634643377,489,687,ood,hoptimus
ood_attention_hoptimus,0.8,0.7117903930131004,-0.08820960698689961,88.74188323974609,55,58.18181818181818,auprc,0.923102598678537,0.9312100835527056,0.00810748487416868,0.9228616958358044,0.9075417667187458,0.9397263993334125,0.008348387716901273,0.842,0.3176823176823177,0.46830265848670755,0.5117893660531698,0.512372634643377,489,687,ood,hoptimus
ood_attention_hoptimus,0.8,0.7117903930131004,-0.08820960698689961,88.74188323974609,55,58.18181818181818,bss,0.5376353986904567,0.6068525304287572,0.06921713173830046,0.5370606169222057,0.4955245968820594,0.5826333744398383,0.06979191350655145,0.999,0.003996003996003996,0.46830265848670755,0.5117893660531698,0.512372634643377,489,687,ood,hoptimus
ood_attention_hoptimus,0.8,0.7117903930131004,-0.08820960698689961,88.74188323974609,55,58.18181818181818,balanced_accuracy,0.8641494233378562,0.8877225394692643,0.02357311613140811,0.8638404186694881,0.8481492234985024,0.8788446552804696,0.02388212079977614,0.994,0.013986013986013986,0.46830265848670755,0.5117893660531698,0.512372634643377,489,687,ood,hoptimus
ood_attention_hoptimus,0.8,0.7117903930131004,-0.08820960698689961,88.74188323974609,55,58.18181818181818,sensitivity,0.8835227272727273,0.8908296943231441,0.007306967050416779,0.8830007000985679,0.8629032258064516,0.9047713156408809,0.007828994224576169,0.762,0.4775224775224775,0.46830265848670755,0.5117893660531698,0.512372634643377,489,687,ood,hoptimus
ood_attention_hoptimus,0.8,0.7117903930131004,-0.08820960698689961,88.74188323974609,55,58.18181818181818,specificity,0.844776119402985,0.8846153846153846,0.039839265212399555,0.8446801372404084,0.8209575145560408,0.8702928870292888,0.039935247374976224,0.998,0.005994005994005994,0.46830265848670755,0.5117893660531698,0.512372634643377,489,687,ood,hoptimus
ood_attention_hoptimus,0.8,0.7117903930131004,-0.08820960698689961,88.74188323974609,55,58.18181818181818,ppv,0.8567493112947658,0.8717948717948718,0.01504556050010597,0.8563203848263419,0.8340080971659919,0.8787908380681818,0.015474486968529932,0.904,0.1938061938061938,0.46830265848670755,0.5117893660531698,0.512372634643377,489,687,ood,hoptimus
ood_attention_hoptimus,0.8,0.7117903930131004,-0.08820960698689961,88.74188323974609,55,58.18181818181818,npv,0.8734567901234568,0.9019607843137255,0.028503994190268722,0.8732080806179878,0.8508722314836866,0.8951965065502183,0.02875270369573768,0.988,0.025974025974025976,0.46830265848670755,0.5117893660531698,0.512372634643377,489,687,ood,hoptimus
ood_attention_hoptimus,0.8,0.7117903930131004,-0.08820960698689961,88.74188323974609,55,58.18181818181818,f1,0.8699300699300699,0.8812095032397408,0.01127943330967085,0.869393014137202,0.8524590163934426,0.8854383754539391,0.01181648910253874,0.934,0.13386613386613386,0.46830265848670755,0.5117893660531698,0.512372634643377,489,687,ood,hoptimus
ood_attention_hoptimus,0.8,0.7117903930131004,-0.08820960698689961,88.74188323974609,55,58.18181818181818,brier,0.11552037058879151,0.09789186369357687,-0.01762850689521464,0.11560086919867084,0.10427471341182985,0.12580281841890462,-0.017709005505093967,0.001,0.003996003996003996,0.46830265848670755,0.5117893660531698,0.512372634643377,489,687,ood,hoptimus
ood_attention_hoptimus,0.8,0.7117903930131004,-0.08820960698689961,88.74188323974609,55,58.18181818181818,ece,0.07853650209908324,0.06843228595208592,-0.010104216146997316,0.07985137175661754,0.06452212080153225,0.09442409427879406,-0.011419085804531617,0.077,0.15584415584415584,0.46830265848670755,0.5117893660531698,0.512372634643377,489,687,ood,hoptimus
ood_attention_hoptimus,0.8,0.7117903930131004,-0.08820960698689961,88.74188323974609,55,58.18181818181818,cal_gap,-0.06477916370024744,-0.04860470435699388,0.016174459343253567,-0.06463652464632966,-0.08033596741079238,-0.048943692839761264,0.01603182028933578,0.977,0.04795204795204795,0.46830265848670755,0.5117893660531698,0.512372634643377,489,687,ood,hoptimus
ood_attention_hoptimus,0.8,0.7117903930131004,-0.08820960698689961,88.74188323974609,55,58.18181818181818,accuracy,0.8646288209606987,0.8875255623721882,0.022896741411489452,0.8642965235173824,0.8486707566462167,0.8793456032719836,0.02322903885480576,0.993,0.015984015984015984,0.46830265848670755,0.5117893660531698,0.512372634643377,489,687,ood,hoptimus
ood_attention_hoptimus,0.7,0.5953420669577875,-0.10465793304221249,86.6609587097168,48,52.083333333333336,auroc,0.9275186567164179,0.9469806067588326,0.01946195004241469,0.9276148719070257,0.9114371589235551,0.9437909289053555,0.019365734851806815,0.992,0.017982017982017984,0.46943765281173594,0.5131882640586797,0.512372634643377,409,687,ood,hoptimus
ood_attention_hoptimus,0.7,0.5953420669577875,-0.10465793304221249,86.6609587097168,48,52.083333333333336,auprc,0.923102598678537,0.9401077172996697,0.017005118621132742,0.9236064814294036,0.9018277577699986,0.9448744583384195,0.016501235870266084,0.935,0.13186813186813187,0.46943765281173594,0.5131882640586797,0.512372634643377,409,687,ood,hoptimus
ood_attention_hoptimus,0.7,0.5953420669577875,-0.10465793304221249,86.6609587097168,48,52.083333333333336,bss,0.5376353986904567,0.6171253247168716,0.07948992602641491,0.5374561610958716,0.4803407950911269,0.5970484998644503,0.07966916362100007,0.998,0.005994005994005994,0.46943765281173594,0.5131882640586797,0.512372634643377,409,687,ood,hoptimus
ood_attention_hoptimus,0.7,0.5953420669577875,-0.10465793304221249,86.6609587097168,48,52.083333333333336,balanced_accuracy,0.8641494233378562,0.8831005184331797,0.018951095095323556,0.8639762326770404,0.8433531486918652,0.8850993023675457,0.019124285756139336,0.964,0.07392607392607392,0.46943765281173594,0.5131882640586797,0.512372634643377,409,687,ood,hoptimus
ood_attention_hoptimus,0.7,0.5953420669577875,-0.10465793304221249,86.6609587097168,48,52.083333333333336,sensitivity,0.8835227272727273,0.890625,0.007102272727272707,0.8832236501828941,0.8571428571428571,0.9100094339622642,0.00740134981710594,0.689,0.6233766233766234,0.46943765281173594,0.5131882640586797,0.512372634643377,409,687,ood,hoptimus
ood_attention_hoptimus,0.7,0.5953420669577875,-0.10465793304221249,86.6609587097168,48,52.083333333333336,specificity,0.844776119402985,0.8755760368663594,0.030799917463374404,0.8447288151711864,0.8121752022918027,0.8762376237623762,0.030847221695173066,0.973,0.055944055944055944,0.46943765281173594,0.5131882640586797,0.512372634643377,409,687,ood,hoptimus
ood_attention_hoptimus,0.7,0.5953420669577875,-0.10465793304221249,86.6609587097168,48,52.083333333333336,ppv,0.8567493112947658,0.8636363636363636,0.00688705234159781,0.8570947288270306,0.8278659110518473,0.885974880382775,0.006541634809333008,0.664,0.6733266733266733,0.46943765281173594,0.5131882640586797,0.512372634643377,409,687,ood,hoptimus
ood_attention_hoptimus,0.7,0.5953420669577875,-0.10465793304221249,86.6609587097168,48,52.083333333333336,npv,0.8734567901234568,0.9004739336492891,0.027017143525832288,0.8727936508229192,0.8415254571248424,0.9025765306122449,0.027680282826369917,0.97,0.061938061938061936,0.46943765281173594,0.5131882640586797,0.512372634643377,409,687,ood,hoptimus
ood_attention_hoptimus,0.7,0.5953420669577875,-0.10465793304221249,86.6609587097168,48,52.083333333333336,f1,0.8699300699300699,0.8769230769230769,0.006993006993006978,0.8698538533912931,0.8489208633093526,0.8904840929947996,0.0070692235317838525,0.721,0.5594405594405595,0.46943765281173594,0.5131882640586797,0.512372634643377,409,687,ood,hoptimus
ood_attention_hoptimus,0.7,0.5953420669577875,-0.10465793304221249,86.6609587097168,48,52.083333333333336,brier,0.11552037058879151,0.09536104202507314,-0.020159328563718368,0.11543265514673064,0.10060008802555148,0.12960277233244105,-0.02007161312165749,0.002,0.005994005994005994,0.46943765281173594,0.5131882640586797,0.512372634643377,409,687,ood,hoptimus
ood_attention_hoptimus,0.7,0.5953420669577875,-0.10465793304221249,86.6609587097168,48,52.083333333333336,ece,0.07853650209908324,0.06312583037767733,-0.015410671721405908,0.08114857058864287,0.06149236417854521,0.10086839088902823,-0.018022740210965546,0.036,0.07392607392607392,0.46943765281173594,0.5131882640586797,0.512372634643377,409,687,ood,hoptimus
ood_attention_hoptimus,0.7,0.5953420669577875,-0.10465793304221249,86.6609587097168,48,52.083333333333336,cal_gap,-0.06477916370024744,-0.045530033213863064,0.01924913048638438,-0.06494402970391314,-0.0858246825953423,-0.0435923615829805,0.019413996490050073,0.958,0.08591408591408592,0.46943765281173594,0.5131882640586797,0.512372634643377,409,687,ood,hoptimus
ood_attention_hoptimus,0.7,0.5953420669577875,-0.10465793304221249,86.6609587097168,48,52.083333333333336,accuracy,0.8646288209606987,0.882640586797066,0.01801176583636732,0.8644938875305622,0.843520782396088,0.8850855745721271,0.018146699266503807,0.945,0.11188811188811189,0.46943765281173594,0.5131882640586797,0.512372634643377,409,687,ood,hoptimus
aleatoric_hoptimus,0.9,0.8806404657933042,-0.019359534206695783,0.5542355020803235,70,61.42857142857143,auroc,0.9275186567164179,0.9420294613347342,0.01451080461831633,0.9275011515265187,0.9211461829141565,0.9350259452522137,0.014528309808215512,0.999,0.003996003996003996,0.4809917355371901,0.5119917355371901,0.512372634643377,605,687,predictive,hoptimus
aleatoric_hoptimus,0.9,0.8806404657933042,-0.019359534206695783,0.5542355020803235,70,61.42857142857143,auprc,0.923102598678537,0.9342394244673753,0.011136825788838345,0.9229122682455827,0.914865513308494,0.9324360985830749,0.01132715622179259,0.987,0.027972027972027972,0.4809917355371901,0.5119917355371901,0.512372634643377,605,687,predictive,hoptimus
aleatoric_hoptimus,0.9,0.8806404657933042,-0.019359534206695783,0.5542355020803235,70,61.42857142857143,bss,0.5376353986904567,0.6225595677572182,0.08492416906676148,0.5376750597474785,0.5138925990550338,0.5661132601322862,0.08488450800973968,1.0,0.001998001998001998,0.4809917355371901,0.5119917355371901,0.512372634643377,605,687,predictive,hoptimus
aleatoric_hoptimus,0.9,0.8806404657933042,-0.019359534206695783,0.5542355020803235,70,61.42857142857143,balanced_accuracy,0.8641494233378562,0.8836266333968088,0.019477210058952643,0.8642493183058125,0.8556661934998798,0.8739821568751475,0.019377315090996272,1.0,0.001998001998001998,0.4809917355371901,0.5119917355371901,0.512372634643377,605,687,predictive,hoptimus
aleatoric_hoptimus,0.9,0.8806404657933042,-0.019359534206695783,0.5542355020803235,70,61.42857142857143,sensitivity,0.8835227272727273,0.865979381443299,-0.017543345829428292,0.8839234067379608,0.8722044728434505,0.8974422442244224,-0.01794402529466177,0.0,0.001998001998001998,0.4809917355371901,0.5119917355371901,0.512372634643377,605,687,predictive,hoptimus
aleatoric_hoptimus,0.9,0.8806404657933042,-0.019359534206695783,0.5542355020803235,70,61.42857142857143,specificity,0.844776119402985,0.9012738853503185,0.05649776594733347,0.8445752298736643,0.8321782320926157,0.8600017064846416,0.0566986554766542,1.0,0.001998001998001998,0.4809917355371901,0.5119917355371901,0.512372634643377,605,687,predictive,hoptimus
aleatoric_hoptimus,0.9,0.8806404657933042,-0.019359534206695783,0.5542355020803235,70,61.42857142857143,ppv,0.8567493112947658,0.8904593639575972,0.033710052662831336,0.8564543573020055,0.84472049689441,0.8706624605678234,0.034005006655591696,1.0,0.001998001998001998,0.4809917355371901,0.5119917355371901,0.512372634643377,605,687,predictive,hoptimus
aleatoric_hoptimus,0.9,0.8806404657933042,-0.019359534206695783,0.5542355020803235,70,61.42857142857143,npv,0.8734567901234568,0.8788819875776398,0.005425197454183017,0.8739789972716625,0.8615916955017301,0.8881313131313131,0.004902990305977295,0.753,0.4955044955044955,0.4809917355371901,0.5119917355371901,0.512372634643377,605,687,predictive,hoptimus
aleatoric_hoptimus,0.9,0.8806404657933042,-0.019359534206695783,0.5542355020803235,70,61.42857142857143,f1,0.8699300699300699,0.8780487804878049,0.008118710557734943,0.8699502080277691,0.8611898053147938,0.8791235334713595,0.008098572460035758,0.943,0.11588411588411589,0.4809917355371901,0.5119917355371901,0.512372634643377,605,687,predictive,hoptimus
aleatoric_hoptimus,0.9,0.8806404657933042,-0.019359534206695783,0.5542355020803235,70,61.42857142857143,brier,0.11552037058879151,0.09422373350386434,-0.02129663708492717,0.11549153771762317,0.10846973024386052,0.12134235082961661,-0.02126780421375883,0.0,0.001998001998001998,0.4809917355371901,0.5119917355371901,0.512372634643377,605,687,predictive,hoptimus
aleatoric_hoptimus,0.9,0.8806404657933042,-0.019359534206695783,0.5542355020803235,70,61.42857142857143,ece,0.07853650209908324,0.05734114615218211,-0.021195355946901126,0.07900361278722895,0.06959563053248362,0.08817509909450844,-0.02166246663504684,0.0,0.001998001998001998,0.4809917355371901,0.5119917355371901,0.512372634643377,605,687,predictive,hoptimus
aleatoric_hoptimus,0.9,0.8806404657933042,-0.019359534206695783,0.5542355020803235,70,61.42857142857143,cal_gap,-0.06477916370024744,-0.039105205887718986,0.02567395781252846,-0.06451392344855113,-0.07438025324306079,-0.055407924658939685,0.025408717560832142,1.0,0.001998001998001998,0.4809917355371901,0.5119917355371901,0.512372634643377,605,687,predictive,hoptimus
aleatoric_hoptimus,0.9,0.8806404657933042,-0.019359534206695783,0.5542355020803235,70,61.42857142857143,accuracy,0.8646288209606987,0.8842975206611571,0.01966869970045837,0.864719008264463,0.856198347107438,0.8743801652892562,0.01957851239669406,1.0,0.001998001998001998,0.4809917355371901,0.5119917355371901,0.512372634643377,605,687,predictive,hoptimus
aleatoric_hoptimus,0.8,0.7903930131004366,-0.009606986899563408,0.46109566828117565,48,85.41666666666667,auroc,0.9275186567164179,0.9501569965870307,0.02263833987061281,0.9275960835749848,0.9172140810514013,0.9377233726888938,0.02256091301204588,1.0,0.001998001998001998,0.4604051565377532,0.5124198895027624,0.512372634643377,543,687,predictive,hoptimus
aleatoric_hoptimus,0.8,0.7903930131004366,-0.009606986899563408,0.46109566828117565,48,85.41666666666667,auprc,0.923102598678537,0.941460116018355,0.018357517339818052,0.9232593470131887,0.9111728729179476,0.9375040724285971,0.018200769005166317,0.993,0.015984015984015984,0.4604051565377532,0.5124198895027624,0.512372634643377,543,687,predictive,hoptimus
aleatoric_hoptimus,0.8,0.7903930131004366,-0.009606986899563408,0.46109566828117565,48,85.41666666666667,bss,0.5376353986904567,0.692900357363732,0.15526495867327528,0.5378647801032233,0.5024682259489075,0.5737674597065063,0.15503557726050876,1.0,0.001998001998001998,0.4604051565377532,0.5124198895027624,0.512372634643377,543,687,predictive,hoptimus
aleatoric_hoptimus,0.8,0.7903930131004366,-0.009606986899563408,0.46109566828117565,48,85.41666666666667,balanced_accuracy,0.8641494233378562,0.9098703071672355,0.04572088382937933,0.8642220367735642,0.8520640956002172,0.8765806575069471,0.04564827039367125,1.0,0.001998001998001998,0.4604051565377532,0.5124198895027624,0.512372634643377,543,687,predictive,hoptimus
aleatoric_hoptimus,0.8,0.7903930131004366,-0.009606986899563408,0.46109566828117565,48,85.41666666666667,sensitivity,0.8835227272727273,0.888,0.004477272727272719,0.8835728604204719,0.868125,0.9017559808612441,0.0044271395795281165,0.708,0.5854145854145855,0.4604051565377532,0.5124198895027624,0.512372634643377,543,687,predictive,hoptimus
aleatoric_hoptimus,0.8,0.7903930131004366,-0.009606986899563408,0.46109566828117565,48,85.41666666666667,specificity,0.844776119402985,0.931740614334471,0.08696449493148595,0.8448712131266568,0.8257531712473574,0.8641637111647043,0.08686940120781417,1.0,0.001998001998001998,0.4604051565377532,0.5124198895027624,0.512372634643377,543,687,predictive,hoptimus
aleatoric_hoptimus,0.8,0.7903930131004366,-0.009606986899563408,0.46109566828117565,48,85.41666666666667,ppv,0.8567493112947658,0.9173553719008265,0.06060606060606066,0.8568595023498734,0.8397212543554007,0.8745753484320558,0.060495869550953096,1.0,0.001998001998001998,0.4604051565377532,0.5124198895027624,0.512372634643377,543,687,predictive,hoptimus
aleatoric_hoptimus,0.8,0.7903930131004366,-0.009606986899563408,0.46109566828117565,48,85.41666666666667,npv,0.8734567901234568,0.9069767441860465,0.033519954062589674,0.8735050569643212,0.8571428571428571,0.8919022869022869,0.03347168722172522,1.0,0.001998001998001998,0.4604051565377532,0.5124198895027624,0.512372634643377,543,687,predictive,hoptimus
aleatoric_hoptimus,0.8,0.7903930131004366,-0.009606986899563408,0.46109566828117565,48,85.41666666666667,f1,0.8699300699300699,0.9024390243902439,0.03250895446017399,0.8699693017696368,0.8576509366350337,0.883073802198593,0.0324697226206071,1.0,0.001998001998001998,0.4604051565377532,0.5124198895027624,0.512372634643377,543,687,predictive,hoptimus
aleatoric_hoptimus,0.8,0.7903930131004366,-0.009606986899563408,0.46109566828117565,48,85.41666666666667,brier,0.11552037058879151,0.07629345469412013,-0.03922691589467138,0.1154187184525451,0.10634112689411632,0.12437121401961093,-0.03912526375842497,0.0,0.001998001998001998,0.4604051565377532,0.5124198895027624,0.512372634643377,543,687,predictive,hoptimus
aleatoric_hoptimus,0.8,0.7903930131004366,-0.009606986899563408,0.46109566828117565,48,85.41666666666667,ece,0.07853650209908324,0.044567791734935865,-0.03396871036414737,0.07940058251868566,0.06674402971491085,0.09170360386431545,-0.0348327907837498,0.0,0.001998001998001998,0.4604051565377532,0.5124198895027624,0.512372634643377,543,687,predictive,hoptimus
aleatoric_hoptimus,0.8,0.7903930131004366,-0.009606986899563408,0.46109566828117565,48,85.41666666666667,cal_gap,-0.06477916370024744,-0.024977301532357277,0.03980186216789017,-0.06489900795349222,-0.07702959140380428,-0.05230687835481728,0.03992170642113495,1.0,0.001998001998001998,0.4604051565377532,0.5124198895027624,0.512372634643377,543,687,predictive,hoptimus
aleatoric_hoptimus,0.8,0.7903930131004366,-0.009606986899563408,0.46109566828117565,48,85.41666666666667,accuracy,0.8646288209606987,0.9116022099447514,0.04697338898405268,0.8647053406998157,0.852670349907919,0.8766114180478821,0.046896869244935635,1.0,0.001998001998001998,0.4604051565377532,0.5124198895027624,0.512372634643377,543,687,predictive,hoptimus
aleatoric_hoptimus,0.7,0.6506550218340611,-0.04934497816593886,0.29855942904712696,26,100.0,auroc,0.9275186567164179,0.9592320261437909,0.03171336942737302,0.9278045579954035,0.9138686150748074,0.941955551638519,0.03142746814838737,1.0,0.001998001998001998,0.42953020134228187,0.5126599552572707,0.512372634643377,447,687,predictive,hoptimus
aleatoric_hoptimus,0.7,0.6506550218340611,-0.04934497816593886,0.29855942904712696,26,100.0,auprc,0.923102598678537,0.9509564054195372,0.027853806741000242,0.9238055831575307,0.9056148525898973,0.9423037012604053,0.02715082226200649,1.0,0.001998001998001998,0.42953020134228187,0.5126599552572707,0.512372634643377,447,687,predictive,hoptimus
aleatoric_hoptimus,0.7,0.6506550218340611,-0.04934497816593886,0.29855942904712696,26,100.0,bss,0.5376353986904567,0.7769926603038395,0.23935726161338278,0.5381436211252778,0.48787344088047735,0.5895895134650582,0.2388490391785617,1.0,0.001998001998001998,0.42953020134228187,0.5126599552572707,0.512372634643377,447,687,predictive,hoptimus
aleatoric_hoptimus,0.7,0.6506550218340611,-0.04934497816593886,0.29855942904712696,26,100.0,balanced_accuracy,0.8641494233378562,0.9393688725490197,0.07521944921116352,0.8642277841805204,0.846060435574027,0.8833540223441316,0.07514108836849931,1.0,0.001998001998001998,0.42953020134228187,0.5126599552572707,0.512372634643377,447,687,predictive,hoptimus
aleatoric_hoptimus,0.7,0.6506550218340611,-0.04934497816593886,0.29855942904712696,26,100.0,sensitivity,0.8835227272727273,0.921875,0.03835227272727271,0.8835336538827385,0.8590294250536541,0.9094827586206896,0.03834134611726148,0.998,0.005994005994005994,0.42953020134228187,0.5126599552572707,0.512372634643377,447,687,predictive,hoptimus
aleatoric_hoptimus,0.7,0.6506550218340611,-0.04934497816593886,0.29855942904712696,26,100.0,specificity,0.844776119402985,0.9568627450980393,0.11208662569505423,0.8449219144783023,0.8177244303484266,0.874439461883408,0.11194083061973692,1.0,0.001998001998001998,0.42953020134228187,0.5126599552572707,0.512372634643377,447,687,predictive,hoptimus
aleatoric_hoptimus,0.7,0.6506550218340611,-0.04934497816593886,0.29855942904712696,26,100.0,ppv,0.8567493112947658,0.9414893617021277,0.08474005040736188,0.8570131523467849,0.8319499257910005,0.8828451882845189,0.08447620935534284,1.0,0.001998001998001998,0.42953020134228187,0.5126599552572707,0.512372634643377,447,687,predictive,hoptimus
aleatoric_hoptimus,0.7,0.6506550218340611,-0.04934497816593886,0.29855942904712696,26,100.0,npv,0.8734567901234568,0.9420849420849421,0.0686281519614853,0.8733693823573114,0.8461538461538461,0.9018714495143852,0.06871555972763066,1.0,0.001998001998001998,0.42953020134228187,0.5126599552572707,0.512372634643377,447,687,predictive,hoptimus
aleatoric_hoptimus,0.7,0.6506550218340611,-0.04934497816593886,0.29855942904712696,26,100.0,f1,0.8699300699300699,0.9315789473684211,0.061648877438351124,0.869986553193431,0.8503090751846654,0.8888888888888888,0.06159239417499007,1.0,0.001998001998001998,0.42953020134228187,0.5126599552572707,0.512372634643377,447,687,predictive,hoptimus
aleatoric_hoptimus,0.7,0.6506550218340611,-0.04934497816593886,0.29855942904712696,26,100.0,brier,0.11552037058879151,0.05464438214256622,-0.06087598844622529,0.1152964863973167,0.10244686591874329,0.12789902975598197,-0.060652104254750476,0.0,0.001998001998001998,0.42953020134228187,0.5126599552572707,0.512372634643377,447,687,predictive,hoptimus
aleatoric_hoptimus,0.7,0.6506550218340611,-0.04934497816593886,0.29855942904712696,26,100.0,ece,0.07853650209908324,0.03163186121268495,-0.046904640886398286,0.08034335528963228,0.06218316483052176,0.09621493713430987,-0.04871149407694733,0.0,0.001998001998001998,0.42953020134228187,0.5126599552572707,0.512372634643377,447,687,predictive,hoptimus
aleatoric_hoptimus,0.7,0.6506550218340611,-0.04934497816593886,0.29855942904712696,26,100.0,cal_gap,-0.06477916370024744,-0.010062946760782898,0.054716216939464546,-0.064779534266545,-0.08258277875265992,-0.04594694473306826,0.054716587505762096,1.0,0.001998001998001998,0.42953020134228187,0.5126599552572707,0.512372634643377,447,687,predictive,hoptimus
aleatoric_hoptimus,0.7,0.6506550218340611,-0.04934497816593886,0.29855942904712696,26,100.0,accuracy,0.8646288209606987,0.941834451901566,0.0772056309408673,0.8647248322147651,0.8456375838926175,0.883668903803132,0.07710961968680086,1.0,0.001998001998001998,0.42953020134228187,0.5126599552572707,0.512372634643377,447,687,predictive,hoptimus
